filename,dose_ppm_h,risk_band,quality_status,L,a,b,darkness,rel_dark,patch_r,patch_g,patch_b
clean/clean_0000.jpg,15.7296,medium,pass,43.529,-10.0,33.0,0.6116,0.4958,104.49,106.48,46.49
clean/clean_0001.jpg,20.3315,high,pass,36.078,-13.0,28.0,0.6802,0.5821,79.47,90.69,39.93
clean/clean_0002.jpg,27.9992,high,pass,34.902,-26.0,32.0,0.7086,0.5957,55.57,92.65,28.96
clean/clean_0003.jpg,20.6476,high,pass,35.686,-10.0,23.0,0.6795,0.5867,81.3,88.83,46.38
clean/clean_0004.jpg,30.5441,high,pass,26.667,-20.0,25.0,0.7762,0.6911,44.31,70.31,22.31
clean/clean_0005.jpg,35.9494,high,pass,21.176,-4.0,18.0,0.8068,0.7547,53.62,51.91,24.24
clean/clean_0006.jpg,20.9665,high,pass,36.471,-21.0,32.0,0.6877,0.5775,68.57,94.57,31.8
clean/clean_0007.jpg,8.3726,medium,pass,52.941,-10.0,49.0,0.5262,0.3868,134.89,130.42,34.41
clean/clean_0008.jpg,26.5119,high,pass,35.686,-28.0,35.0,0.7112,0.5867,52.62,94.31,22.3
clean/clean_0009.jpg,39.7001,high,pass,18.039,-4.0,19.0,0.8344,0.7911,46.24,45.45,15.0
clean/clean_0010.jpg,9.5966,medium,pass,52.941,-2.0,46.0,0.5189,0.3868,146.95,125.85,42.78
clean/clean_0011.jpg,22.1952,high,pass,36.078,-9.0,24.0,0.6783,0.5821,84.19,88.02,45.58
clean/clean_0012.jpg,39.3526,high,pass,16.078,-14.0,6.0,0.8593,0.8138,18.56,45.5,31.67
clean/clean_0013.jpg,15.0439,medium,pass,44.314,-19.0,33.0,0.6125,0.4868,90.65,112.95,47.42
clean/clean_0014.jpg,27.8254,high,pass,30.196,-4.0,26.0,0.7273,0.6502,78.71,72.38,30.87
clean/clean_0015.jpg,14.5296,medium,pass,42.353,-6.0,35.0,0.6209,0.5094,108.16,101.83,39.99
clean/clean_0016.jpg,8.6664,medium,pass,52.157,-1.0,48.0,0.5287,0.3959,146.05,123.1,37.25
clean/clean_0017.jpg,9.2608,medium,pass,52.941,1.0,44.0,0.5159,0.3867,149.76,124.97,46.51
clean/clean_0018.jpg,24.9806,high,pass,32.549,-10.0,30.0,0.7133,0.623,75.76,80.52,27.91
clean/clean_0019.jpg,21.5839,high,pass,34.902,-20.0,26.0,0.7002,0.5958,62.82,90.67,38.99
clean/clean_0020.jpg,28.1549,high,pass,29.412,-12.0,22.0,0.7379,0.6593,62.85,75.0,35.32
clean/clean_0021.jpg,9.4929,medium,pass,52.157,-10.0,42.0,0.5304,0.3959,129.24,128.45,49.99
clean/clean_0022.jpg,30.9655,high,pass,29.804,-19.0,23.0,0.7451,0.6548,51.84,77.83,33.54
clean/clean_0023.jpg,6.2364,medium,pass,56.471,-8.0,57.0,0.4975,0.3459,149.83,137.96,20.72
clean/clean_0024.jpg,27.5533,high,pass,30.588,-15.0,29.0,0.7351,0.6457,63.85,77.84,24.31
clean/clean_0025.jpg,24.4447,high,pass,31.373,-22.0,26.0,0.7366,0.6366,50.08,82.54,32.71
clean/clean_0026.jpg,4.168,low,pass,63.922,-1.0,55.0,0.4124,0.2596,180.08,153.44,51.9
clean/clean_0027.jpg,30.4528,high,pass,28.235,-8.0,28.0,0.7497,0.673,68.44,69.5,22.43
clean/clean_0028.jpg,17.3096,medium,pass,40.0,-15.0,36.0,0.6521,0.5367,88.63,99.85,31.55
clean/clean_0029.jpg,43.0673,high,pass,14.51,5.0,2.0,0.8535,0.832,44.37,34.35,34.39
clean/clean_0030.jpg,14.2548,medium,pass,47.451,-11.0,37.0,0.5765,0.4504,114.6,116.58,46.43
clean/clean_0031.jpg,39.4498,high,pass,14.902,-9.0,12.0,0.8608,0.8274,31.34,40.72,19.51
clean/clean_0032.jpg,9.4201,medium,pass,54.902,-9.0,49.0,0.5054,0.3641,141.3,134.97,40.82
clean/clean_0033.jpg,2.3308,low,pass,67.451,-4.0,34.0,0.3657,0.2187,178.51,164.8,102.04
clean/clean_0034.jpg,34.1545,high,pass,24.706,-13.0,15.0,0.7838,0.7138,47.29,63.13,34.53
clean/clean_0035.jpg,0.8229,fresh,pass,76.078,-5.0,13.0,0.2665,0.119,188.59,190.57,164.76
clean/clean_0036.jpg,5.7528,medium,pass,54.902,8.0,56.0,0.5049,0.364,168.16,124.9,23.35
clean/clean_0037.jpg,37.9962,high,pass,15.686,-6.0,12.0,0.8506,0.8183,36.85,41.62,23.17
clean/clean_0038.jpg,16.7004,medium,pass,44.706,-17.0,38.0,0.6072,0.4822,98.89,112.88,38.11
clean/clean_0039.jpg,22.6234,high,pass,37.255,1.0,23.0,0.6582,0.5685,101.53,86.89,50.91
clean/clean_0040.jpg,31.7125,high,pass,28.235,-3.0,16.0,0.7406,0.673,70.28,68.57,42.75
clean/clean_0041.jpg,30.7652,high,pass,26.275,-7.0,22.0,0.7651,0.6957,62.08,64.99,28.08
clean/clean_0042.jpg,14.1848,medium,pass,44.706,-11.0,42.0,0.6078,0.4822,109.19,109.32,28.09
clean/clean_0043.jpg,1.5475,low,pass,71.765,7.0,22.0,0.3078,0.1688,204.15,170.12,136.91
clean/clean_0044.jpg,8.5568,medium,pass,55.294,-5.0,54.0,0.5029,0.3596,150.63,133.23,30.76
clean/clean_0045.jpg,10.3902,medium,pass,48.235,-10.0,44.0,0.5713,0.4413,120.1,118.39,34.39
clean/clean_0046.jpg,37.3447,high,pass,20.784,-19.0,17.0,0.8243,0.7592,27.77,57.47,24.25
clean/clean_0047.jpg,38.8677,high,pass,20.0,-5.0,17.0,0.816,0.7684,49.88,50.01,23.26
clean/clean_0048.jpg,3.6903,low,pass,61.176,5.0,49.0,0.4368,0.2915,179.1,142.3,57.38
clean/clean_0049.jpg,15.5211,medium,pass,43.922,-16.0,39.0,0.6165,0.4913,97.91,110.05,34.36
clean/clean_0050.jpg,44.3578,high,pass,15.294,-8.0,12.0,0.8558,0.8229,33.16,41.62,21.33
clean/clean_0051.jpg,15.7771,medium,pass,40.0,-3.0,31.0,0.6377,0.5367,105.31,95.29,43.61
clean/clean_0052.jpg,28.7175,high,pass,28.235,-20.0,19.0,0.7618,0.673,43.48,74.1,37.2
clean/clean_0053.jpg,27.9987,high,pass,29.804,-11.0,21.0,0.735,0.6548,64.68,74.97,37.15
clean/clean_0054.jpg,26.6585,high,pass,35.686,-19.0,25.0,0.6929,0.5867,65.57,91.56,43.58
clean/clean_0055.jpg,14.257,medium,pass,43.922,-10.0,37.0,0.6106,0.4913,106.23,107.29,39.92
clean/clean_0056.jpg,5.909,medium,pass,58.431,-3.0,56.0,0.4746,0.3232,161.63,139.61,32.52
clean/clean_0057.jpg,24.0839,high,pass,36.863,-17.0,35.0,0.6825,0.5731,77.75,93.59,24.36
clean/clean_0058.jpg,30.7343,high,pass,30.196,-19.0,24.0,0.7434,0.6502,52.57,78.57,31.5
clean/clean_0059.jpg,1.6333,low,pass,72.549,4.0,16.0,0.3007,0.1597,196.61,174.58,149.69
clean/clean_0060.jpg,29.0539,high,pass,30.588,-11.0,17.0,0.7266,0.6457,64.78,76.93,45.57
clean/clean_0061.jpg,45.2412,high,pass,7.843,-6.0,6.0,0.9133,0.9092,19.4,25.08,14.03
clean/clean_0062.jpg,43.6825,high,pass,11.765,-3.0,12.0,0.8805,0.8637,33.23,32.45,13.08
clean/clean_0063.jpg,37.7825,high,pass,27.059,-22.0,22.0,0.7735,0.6866,39.84,72.3,29.85
clean/clean_0064.jpg,25.2567,high,pass,32.941,-10.0,29.0,0.7073,0.6185,77.75,81.58,30.83
clean/clean_0065.jpg,13.6512,medium,pass,43.922,-7.0,38.0,0.6059,0.4913,112.82,106.5,37.28
clean/clean_0066.jpg,22.7097,high,pass,34.51,-18.0,24.0,0.7014,0.6002,64.57,88.72,41.66
clean/clean_0067.jpg,27.4256,high,pass,27.059,-10.0,15.0,0.7584,0.6866,57.45,67.75,41.0
clean/clean_0068.jpg,7.646,medium,pass,53.333,1.0,50.0,0.5187,0.3822,152.27,124.7,35.17
clean/clean_0069.jpg,7.7774,medium,pass,56.471,-5.0,51.0,0.4911,0.346,151.62,136.06,40.06
clean/clean_0070.jpg,27.0852,high,pass,29.412,-4.0,15.0,0.7318,0.6594,72.97,70.34,46.37
clean/clean_0071.jpg,40.3326,high,pass,18.039,-6.0,18.0,0.8322,0.7911,44.45,46.44,19.69
clean/clean_0072.jpg,24.9513,high,pass,33.333,-13.0,21.0,0.7051,0.6139,68.51,84.35,45.59
clean/clean_0073.jpg,6.9125,medium,pass,59.608,-13.0,60.0,0.4701,0.3097,151.48,148.85,21.44
clean/clean_0074.jpg,13.1841,medium,pass,47.451,-5.0,39.0,0.5718,0.4504,124.75,113.8,44.58
clean/clean_0075.jpg,0.4653,fresh,pass,79.608,-1.0,4.0,0.2254,0.078,199.68,197.96,189.69
clean/clean_0076.jpg,29.13,high,pass,23.137,1.0,17.0,0.7826,0.732,66.49,54.63,30.65
clean/clean_0077.jpg,10.2529,medium,pass,52.549,-7.0,47.0,0.527,0.3914,137.63,127.61,39.92
clean/clean_0078.jpg,17.1843,medium,pass,41.569,-19.0,39.0,0.6424,0.5185,86.89,105.49,28.88
clean/clean_0079.jpg,27.4717,high,pass,27.843,-11.0,16.0,0.7518,0.6775,58.05,70.19,41.6
clean/clean_0080.jpg,22.493,high,pass,33.333,-12.0,27.0,0.7055,0.6139,74.11,83.49,34.58
clean/clean_0081.jpg,13.3001,medium,pass,47.059,-14.0,35.0,0.5792,0.4549,108.97,117.41,50.97
clean/clean_0082.jpg,27.8253,high,pass,30.196,-16.0,21.0,0.7373,0.6502,57.27,77.73,37.13
clean/clean_0083.jpg,8.2126,medium,pass,47.451,3.0,47.0,0.5746,0.4504,138.46,109.06,26.9
clean/clean_0084.jpg,17.0854,medium,pass,43.922,-19.0,37.0,0.6164,0.4913,92.43,111.96,39.04
clean/clean_0085.jpg,16.89,medium,pass,41.961,-13.0,31.0,0.6269,0.5139,95.2,104.57,46.43
clean/clean_0086.jpg,18.4161,medium,pass,43.137,-14.0,36.0,0.6189,0.5004,98.83,107.28,40.83
clean/clean_0087.jpg,13.7133,medium,pass,44.314,-7.0,42.0,0.6068,0.4867,113.65,107.32,28.86
clean/clean_0088.jpg,20.8133,high,pass,35.686,-9.0,28.0,0.6816,0.5867,84.07,87.9,39.0
clean/clean_0089.jpg,18.8636,medium,pass,40.392,-17.0,25.0,0.6433,0.5322,81.55,102.92,54.02
clean/clean_0090.jpg,13.5469,medium,pass,52.549,-19.0,48.0,0.5409,0.3913,118.32,132.31,35.39
clean/clean_0091.jpg,2.4136,low,pass,65.49,3.0,28.0,0.3802,0.2414,181.98,155.34,109.21
clean/clean_0092.jpg,4.9912,low,pass,60.784,-3.0,61.0,0.4522,0.296,169.88,146.93,23.21
clean/clean_0093.jpg,25.205,high,pass,32.941,-17.0,21.0,0.7139,0.6185,61.84,84.14,44.47
clean/clean_0094.jpg,48.7909,high,pass,12.941,-21.0,17.0,0.8961,0.8501,10.29,39.12,3.9
clean/clean_0095.jpg,6.0315,medium,pass,59.608,-7.0,54.0,0.4594,0.3096,159.89,145.25,41.86
clean/clean_0096.jpg,8.6132,medium,pass,55.294,3.0,50.0,0.4983,0.3595,160.69,128.51,38.98
clean/clean_0097.jpg,24.3175,high,pass,37.647,-22.0,29.0,0.6795,0.564,66.67,97.29,40.99
clean/clean_0098.jpg,22.7401,high,pass,37.255,-16.0,35.0,0.6793,0.5685,79.56,93.55,27.09
clean/clean_0099.jpg,29.4203,high,pass,29.412,-10.0,23.0,0.7401,0.6594,65.62,73.14,32.55
clean/clean_0100.jpg,25.2786,high,pass,35.294,-14.0,23.0,0.6895,0.5913,73.02,88.86,45.49
clean/clean_0101.jpg,9.5532,medium,pass,53.333,-3.0,52.0,0.5213,0.3823,146.93,127.68,27.97
clean/clean_0102.jpg,33.2549,high,pass,29.804,-21.0,24.0,0.7473,0.6548,48.99,78.67,31.61
clean/clean_0103.jpg,25.35,high,pass,34.118,-16.0,33.0,0.7061,0.6048,71.1,86.94,23.24
clean/clean_0104.jpg,39.7442,high,pass,19.608,-18.0,19.0,0.8312,0.7729,30.66,53.89,19.75
clean/clean_0105.jpg,16.4969,medium,pass,43.529,-20.0,33.0,0.6189,0.4959,87.84,111.99,45.53
clean/clean_0106.jpg,20.0285,high,pass,37.255,-12.0,34.0,0.6735,0.5685,85.89,92.49,28.8
clean/clean_0107.jpg,42.0705,high,pass,19.216,-9.0,11.0,0.8243,0.7774,39.8,50.1,30.74
clean/clean_0108.jpg,7.0063,medium,pass,57.255,3.0,47.0,0.476,0.3368,165.45,133.27,52.05
clean/clean_0109.jpg,34.6228,high,pass,21.961,-6.0,16.0,0.7968,0.7456,52.82,55.73,28.98
clean/clean_0110.jpg,11.8754,medium,pass,50.98,-7.0,45.0,0.5432,0.4095,133.08,123.06,39.06
clean/clean_0111.jpg,26.707,high,pass,31.373,-11.0,27.0,0.7241,0.6367,69.25,78.63,30.64
clean/clean_0112.jpg,20.5731,high,pass,38.431,-23.0,34.0,0.6741,0.5549,69.34,99.94,32.57
clean/clean_0113.jpg,6.1741,medium,pass,54.51,-5.0,51.0,0.511,0.3686,146.0,131.36,34.44
clean/clean_0114.jpg,11.3017,medium,pass,47.451,-3.0,45.0,0.5758,0.4505,129.42,112.02,32.63
clean/clean_0115.jpg,19.6263,medium,pass,35.686,-14.0,20.0,0.6836,0.5866,72.07,90.67,51.92
clean/clean_0116.jpg,6.23,medium,pass,55.294,2.0,51.0,0.4973,0.3595,159.76,129.43,38.97
clean/clean_0117.jpg,8.0144,medium,pass,50.588,3.0,45.0,0.5419,0.4141,146.05,116.64,40.96
clean/clean_0118.jpg,25.88,high,pass,38.431,-18.0,35.0,0.6702,0.5549,79.38,97.06,29.68
clean/clean_0119.jpg,16.6368,medium,pass,39.216,-7.0,34.0,0.6522,0.5458,98.66,94.19,34.19
clean/clean_0120.jpg,16.6121,medium,pass,43.137,-21.0,41.0,0.6292,0.5004,87.65,110.87,28.71
clean/clean_0121.jpg,20.281,high,pass,39.216,-14.0,32.0,0.6572,0.5458,86.82,97.11,38.97
clean/clean_0122.jpg,16.5169,medium,pass,41.569,-10.0,38.0,0.6334,0.5185,100.73,101.79,31.64
clean/clean_0123.jpg,16.4206,medium,pass,47.059,-26.0,43.0,0.5967,0.455,90.5,122.95,31.57
clean/clean_0124.jpg,17.8991,medium,pass,37.255,-6.0,28.0,0.6645,0.5685,94.18,89.7,41.71
clean/clean_0125.jpg,0.459,fresh,pass,78.431,2.0,4.0,0.2349,0.0916,201.46,193.28,187.78
clean/clean_0126.jpg,2.4835,low,pass,60.0,4.0,19.0,0.4328,0.305,163.55,141.52,111.09
clean/clean_0127.jpg,30.9769,high,pass,28.627,-17.0,16.0,0.7511,0.6684,48.92,74.92,42.63
clean/clean_0128.jpg,13.3305,medium,pass,45.098,-4.0,39.0,0.5962,0.4777,119.07,107.2,38.91
clean/clean_0129.jpg,18.3518,medium,pass,46.667,-31.0,41.0,0.6084,0.4594,78.57,123.03,36.27
clean/clean_0130.jpg,3.0167,low,pass,66.275,-13.0,33.0,0.3854,0.2325,158.81,166.33,101.73
clean/clean_0131.jpg,21.0964,high,pass,42.745,-24.0,33.0,0.6327,0.5049,78.48,110.93,44.48
clean/clean_0132.jpg,25.6732,high,pass,27.843,-9.0,25.0,0.7522,0.6775,64.69,69.44,27.0
clean/clean_0133.jpg,32.7386,high,pass,28.627,-18.0,18.0,0.755,0.6684,47.06,74.9,38.92
clean/clean_0134.jpg,44.3404,high,pass,14.118,-9.0,4.0,0.8659,0.8365,24.88,39.8,29.68
clean/clean_0135.jpg,24.3211,high,pass,36.078,-17.0,24.0,0.6847,0.5821,71.31,91.77,45.64
clean/clean_0136.jpg,14.9871,medium,pass,40.392,-12.0,39.0,0.6483,0.5321,94.22,99.9,25.13
clean/clean_0137.jpg,20.3797,high,pass,35.686,-17.0,25.0,0.6896,0.5866,70.17,90.62,43.56
clean/clean_0138.jpg,25.9518,high,pass,33.333,-22.0,30.0,0.719,0.6139,58.22,86.98,27.92
clean/clean_0139.jpg,6.8628,medium,pass,59.608,-8.0,58.0,0.4639,0.3095,157.85,146.91,28.74
clean/clean_0140.jpg,17.2067,medium,pass,41.569,-20.0,37.0,0.6414,0.5185,84.13,106.43,33.5
clean/clean_0141.jpg,30.4948,high,pass,30.98,-18.0,18.0,0.7343,0.6412,53.53,79.52,44.47
clean/clean_0142.jpg,41.1528,high,pass,16.471,-13.0,11.0,0.8514,0.8092,28.57,45.34,24.13
clean/clean_0143.jpg,19.9474,medium,pass,43.922,-23.0,38.0,0.6238,0.4913,85.14,112.98,36.37
clean/clean_0144.jpg,35.164,high,pass,21.961,-9.0,16.0,0.8002,0.7456,48.06,56.51,29.76
clean/clean_0145.jpg,9.9063,medium,pass,53.725,-5.0,51.0,0.5184,0.3777,144.11,129.48,32.55
clean/clean_0146.jpg,4.332,low,pass,61.961,3.0,53.0,0.4301,0.2824,180.13,146.1,50.1
clean/clean_0147.jpg,1.5058,low,pass,70.196,-4.0,18.0,0.3326,0.1869,177.21,172.73,138.6
clean/clean_0148.jpg,28.5316,high,pass,29.02,-11.0,25.0,0.7444,0.6639,63.67,73.04,28.75
clean/clean_0149.jpg,10.3908,medium,pass,52.941,-2.0,48.0,0.5228,0.3868,145.17,125.92,38.22
clean/clean_0150.jpg,14.2473,medium,pass,48.627,-16.0,44.0,0.5741,0.4368,111.93,121.31,34.54
clean/clean_0151.jpg,6.6538,medium,pass,55.686,2.0,52.0,0.4943,0.355,161.7,130.44,35.37
clean/clean_0152.jpg,4.5705,low,pass,58.431,-3.0,50.0,0.466,0.3233,160.85,140.67,48.37
clean/clean_0153.jpg,6.4397,medium,pass,56.471,-8.0,52.0,0.4936,0.346,147.83,137.8,35.34
clean/clean_0154.jpg,33.5429,high,pass,25.098,-8.0,20.0,0.7754,0.7093,58.37,62.2,28.98
clean/clean_0155.jpg,11.0879,medium,pass,50.98,5.0,42.0,0.533,0.4095,149.75,117.56,46.49
clean/clean_0156.jpg,28.7504,high,pass,31.765,-16.0,18.0,0.7242,0.6321,58.16,81.38,45.4
clean/clean_0157.jpg,2.3142,low,pass,66.667,1.0,21.0,0.3662,0.2278,177.28,160.8,124.82
clean/clean_0158.jpg,16.2768,medium,pass,44.314,-16.0,38.0,0.61,0.4867,98.81,111.87,37.11
clean/clean_0159.jpg,11.7401,medium,pass,50.196,-13.0,45.0,0.5571,0.4186,119.07,124.74,36.13
clean/clean_0160.jpg,0.7628,fresh,pass,75.294,-9.0,6.0,0.2802,0.1279,173.59,190.35,174.69
clean/clean_0161.jpg,10.0377,medium,pass,50.98,-1.0,48.0,0.5414,0.4095,142.38,120.35,32.66
clean/clean_0162.jpg,3.8642,low,pass,62.353,-2.0,45.0,0.4227,0.2778,171.92,149.9,68.67
clean/clean_0163.jpg,23.3014,high,pass,35.294,-10.0,21.0,0.6828,0.5912,79.38,87.83,49.08
clean/clean_0164.jpg,35.2018,high,pass,25.49,-8.0,22.0,0.7718,0.7047,59.16,63.92,26.08
clean/clean_0165.jpg,45.9766,high,pass,13.725,-16.0,12.0,0.8766,0.841,18.55,40.87,16.88
clean/clean_0166.jpg,8.2002,medium,pass,54.51,0.0,49.0,0.5072,0.3686,152.51,128.64,40.02
clean/clean_0167.jpg,7.5005,medium,pass,55.294,2.0,55.0,0.5047,0.3596,160.64,128.46,25.06
clean/clean_0168.jpg,5.79,medium,pass,54.902,6.0,54.0,0.502,0.3641,164.39,126.67,30.66
clean/clean_0169.jpg,36.7518,high,pass,18.824,-2.0,13.0,0.8223,0.782,49.92,46.35,27.92
clean/clean_0170.jpg,17.2105,medium,pass,37.255,-13.0,29.0,0.6722,0.5685,82.25,92.55,40.87
clean/clean_0171.jpg,8.2235,medium,pass,52.157,-7.0,45.0,0.5282,0.3959,136.82,126.8,43.72
clean/clean_0172.jpg,10.5971,medium,pass,52.549,-4.0,51.0,0.5315,0.3913,142.19,125.71,27.86
clean/clean_0173.jpg,37.7776,high,pass,18.824,-12.0,18.0,0.8311,0.782,38.03,50.17,19.73
clean/clean_0174.jpg,0.3394,fresh,pass,83.529,0.0,10.0,0.1848,0.0324,215.07,207.82,189.39
clean/clean_0175.jpg,40.7375,high,pass,16.078,2.0,10.0,0.8416,0.8138,48.9,38.88,25.98
clean/clean_0176.jpg,39.2604,high,pass,20.0,-11.0,13.0,0.8176,0.7684,39.88,52.95,30.83
clean/clean_0177.jpg,15.9026,medium,pass,44.314,-17.0,43.0,0.6173,0.4867,98.87,111.01,25.16
clean/clean_0178.jpg,7.4916,medium,pass,49.804,8.0,43.0,0.5453,0.4231,150.29,112.57,43.34
clean/clean_0179.jpg,3.1992,low,pass,64.706,-4.0,31.0,0.3945,0.2505,169.15,157.28,100.99
clean/clean_0180.jpg,45.5801,high,pass,10.98,7.0,4.0,0.88,0.8728,41.72,26.15,24.34
clean/clean_0181.jpg,6.2046,medium,pass,56.471,-2.0,46.0,0.4865,0.3459,155.32,134.22,50.23
clean/clean_0182.jpg,3.9764,low,pass,60.784,-4.0,49.0,0.4449,0.2959,165.37,146.11,55.66
clean/clean_0183.jpg,22.394,high,pass,36.078,-9.0,27.0,0.6792,0.5822,85.23,88.14,40.15
clean/clean_0184.jpg,43.9443,high,pass,10.98,0.0,5.0,0.882,0.8728,33.3,29.75,23.32
clean/clean_0185.jpg,39.9719,high,pass,17.647,-12.0,18.0,0.8419,0.7956,36.03,47.26,15.88
clean/clean_0186.jpg,8.2088,medium,pass,52.549,-3.0,47.0,0.5261,0.3913,142.08,125.6,40.68
clean/clean_0187.jpg,13.8038,medium,pass,46.275,-3.0,41.0,0.5824,0.464,124.62,110.91,36.15
clean/clean_0188.jpg,2.1965,low,pass,67.451,-5.0,25.0,0.3631,0.2188,172.85,165.59,118.54
clean/clean_0189.jpg,4.9306,low,pass,61.569,-6.0,60.0,0.4463,0.2869,167.19,149.78,28.85
clean/clean_0190.jpg,25.3395,high,pass,38.039,-17.0,23.0,0.6686,0.5594,74.03,96.33,51.12
clean/clean_0191.jpg,21.904,high,pass,40.784,-27.0,37.0,0.6596,0.5276,68.37,107.29,29.75
clean/clean_0192.jpg,1.4197,low,pass,72.941,-1.0,24.0,0.3,0.1551,194.79,178.31,136.79
clean/clean_0193.jpg,21.6,high,pass,37.255,-18.0,29.0,0.6757,0.5685,74.87,95.32,38.11
clean/clean_0194.jpg,5.6225,medium,pass,57.255,4.0,59.0,0.4902,0.3368,169.17,132.37,15.12
clean/clean_0195.jpg,7.169,medium,pass,54.902,-4.0,53.0,0.5076,0.3641,150.64,131.39,29.84
clean/clean_0196.jpg,18.2919,medium,pass,36.471,-11.0,31.0,0.6794,0.5776,84.2,89.87,33.58
clean/clean_0197.jpg,10.6455,medium,pass,50.588,-2.0,42.0,0.5426,0.4141,138.54,119.29,45.45
clean/clean_0198.jpg,44.0853,high,pass,12.941,-11.0,9.0,0.8792,0.8501,22.12,37.05,21.37
clean/clean_0199.jpg,20.5792,high,pass,37.255,-8.0,26.0,0.668,0.5685,88.54,90.52,44.38
clean/clean_0200.jpg,6.6251,medium,pass,60.784,-6.0,59.0,0.4543,0.2959,163.53,147.97,29.81
clean/clean_0201.jpg,33.6564,high,pass,19.608,-3.0,10.0,0.8153,0.7729,49.98,48.27,33.53
clean/clean_0202.jpg,16.3873,medium,pass,45.882,-17.0,39.0,0.5976,0.4685,100.78,115.69,40.01
clean/clean_0203.jpg,28.7627,high,pass,31.373,-16.0,22.0,0.728,0.6366,59.11,80.49,38.97
clean/clean_0204.jpg,11.4865,medium,pass,45.882,-8.0,42.0,0.591,0.4686,116.37,111.89,33.44
clean/clean_0205.jpg,25.7858,high,pass,32.549,-16.0,26.0,0.7177,0.623,64.61,83.22,33.39
clean/clean_0206.jpg,10.2279,medium,pass,51.373,-12.0,52.0,0.5503,0.405,126.67,126.81,20.64
clean/clean_0207.jpg,36.421,high,pass,25.882,-11.0,12.0,0.7688,0.7002,51.78,65.78,42.73
clean/clean_0208.jpg,11.6968,medium,pass,49.02,3.0,42.0,0.5544,0.4322,140.4,113.76,42.69
clean/clean_0209.jpg,21.5943,high,pass,37.255,-12.0,22.0,0.6682,0.5685,81.38,92.6,52.0
clean/clean_0210.jpg,34.8126,high,pass,24.314,-13.0,9.0,0.7862,0.7184,41.64,63.02,44.58
clean/clean_0211.jpg,12.6053,medium,pass,47.451,-10.0,37.0,0.5739,0.4504,116.45,116.59,47.37
clean/clean_0212.jpg,26.2148,high,pass,32.941,-18.0,24.0,0.7162,0.6185,61.88,84.18,38.97
clean/clean_0213.jpg,34.0743,high,pass,24.706,-10.0,18.0,0.7804,0.7139,53.65,62.1,30.74
clean/clean_0214.jpg,25.574,high,pass,38.431,-22.0,36.0,0.6732,0.5549,72.12,99.96,27.03
clean/clean_0215.jpg,6.1483,medium,pass,55.686,3.0,47.0,0.4891,0.355,160.91,130.57,48.42
clean/clean_0216.jpg,15.6523,medium,pass,44.314,-10.0,32.0,0.6047,0.4867,105.38,108.29,50.15
clean/clean_0217.jpg,0.9822,fresh,pass,74.902,-1.0,10.0,0.2768,0.1324,190.32,184.91,166.48
clean/clean_0218.jpg,15.2883,medium,pass,43.529,-6.0,34.0,0.6101,0.4958,110.71,104.38,44.39
clean/clean_0219.jpg,13.7063,medium,pass,42.745,1.0,44.0,0.6202,0.5049,121.03,99.0,22.38
clean/clean_0220.jpg,39.7972,high,pass,19.608,-7.0,3.0,0.8211,0.7729,37.18,50.25,43.82
clean/clean_0221.jpg,16.2463,medium,pass,44.314,-12.0,36.0,0.6066,0.4868,105.21,109.04,42.59
clean/clean_0222.jpg,7.536,medium,pass,54.51,6.0,54.0,0.5062,0.3686,164.36,125.72,26.01
clean/clean_0223.jpg,24.8756,high,pass,34.902,-9.0,25.0,0.6906,0.5958,81.25,85.08,40.79
clean/clean_0224.jpg,12.5805,medium,pass,45.882,-6.0,36.0,0.5873,0.4686,118.33,110.16,45.55
clean/clean_0225.jpg,28.0295,high,pass,32.549,-10.0,27.0,0.7136,0.623,73.13,80.66,33.6
clean/clean_0226.jpg,16.5569,medium,pass,40.784,-9.0,33.0,0.6349,0.5276,99.73,99.87,40.8
clean/clean_0227.jpg,22.0485,high,pass,38.431,-20.0,32.0,0.6687,0.5548,74.83,98.97,35.29
clean/clean_0228.jpg,13.5901,medium,pass,47.843,-12.0,40.0,0.5741,0.4458,114.54,118.37,42.68
clean/clean_0229.jpg,18.1013,medium,pass,40.0,-10.0,26.0,0.6421,0.5367,93.3,98.05,50.99
clean/clean_0230.jpg,15.5919,medium,pass,44.706,-7.0,43.0,0.6054,0.4822,114.66,107.41,28.94
clean/clean_0231.jpg,28.4124,high,pass,31.373,-17.0,26.0,0.7283,0.6366,61.06,80.59,32.61
clean/clean_0232.jpg,2.8392,low,pass,64.706,-5.0,32.0,0.3931,0.2506,169.18,158.23,99.17
clean/clean_0233.jpg,16.734,medium,pass,38.824,-9.0,36.0,0.6589,0.5504,95.01,94.22,28.69
clean/clean_0234.jpg,18.9291,medium,pass,36.078,-19.0,29.0,0.6899,0.5821,69.32,92.54,35.33
clean/clean_0235.jpg,42.839,high,pass,16.471,-15.0,19.0,0.8574,0.8092,27.86,45.55,11.39
clean/clean_0236.jpg,32.3046,high,pass,24.314,-8.0,25.0,0.7835,0.7184,57.36,61.19,18.73
clean/clean_0237.jpg,12.5293,medium,pass,52.941,-9.0,46.0,0.525,0.3869,134.9,129.5,41.81
clean/clean_0238.jpg,42.9836,high,pass,18.039,-8.0,9.0,0.8315,0.7911,38.84,47.29,31.62
clean/clean_0239.jpg,20.7232,high,pass,36.471,-23.0,32.0,0.6933,0.5776,64.65,94.33,30.65
clean/clean_0240.jpg,31.9928,high,pass,27.059,-14.0,9.0,0.7647,0.6866,45.39,69.53,49.26
clean/clean_0241.jpg,33.0741,high,pass,26.275,-15.0,18.0,0.7709,0.6957,47.32,68.69,34.56
clean/clean_0242.jpg,43.8077,high,pass,19.608,-19.0,20.0,0.837,0.7729,24.96,54.66,17.74
clean/clean_0243.jpg,21.8995,high,pass,38.431,-17.0,31.0,0.6654,0.5549,80.41,97.17,37.18
clean/clean_0244.jpg,39.4348,high,pass,16.863,4.0,-6.0,0.8309,0.8047,43.37,41.66,50.01
clean/clean_0245.jpg,9.0133,medium,pass,51.765,0.0,51.0,0.5387,0.4005,145.1,121.23,27.06
clean/clean_0246.jpg,37.0824,high,pass,21.569,-7.0,9.0,0.8021,0.7502,47.08,54.61,38.02
clean/clean_0247.jpg,26.1947,high,pass,33.333,-21.0,24.0,0.717,0.6139,55.53,87.07,39.08
clean/clean_0248.jpg,22.1737,high,pass,34.902,-12.0,27.0,0.6911,0.5958,78.44,86.88,37.98
clean/clean_0249.jpg,13.1477,medium,pass,45.098,-14.0,44.0,0.6052,0.4776,105.39,112.91,25.21
clean/clean_0250.jpg,40.4131,high,pass,13.333,-7.0,15.0,0.8735,0.8456,33.26,36.17,9.41
clean/clean_0251.jpg,23.7341,high,pass,34.51,-14.0,15.0,0.6923,0.6003,68.25,87.77,57.34
clean/clean_0252.jpg,22.7723,high,pass,35.686,-7.0,21.0,0.6789,0.5866,85.23,86.3,50.32
clean/clean_0253.jpg,18.851,medium,pass,41.176,-15.0,34.0,0.6386,0.5231,89.71,103.69,39.09
clean/clean_0254.jpg,0.3111,fresh,pass,77.647,11.0,-1.0,0.2355,0.1007,213.2,185.64,194.91
clean/clean_0255.jpg,36.3698,high,pass,22.353,-19.0,12.0,0.8117,0.7411,28.73,60.28,35.38
clean/clean_0256.jpg,6.6479,medium,pass,54.902,-5.0,55.0,0.5101,0.364,148.79,132.31,24.29
clean/clean_0257.jpg,37.9662,high,pass,20.784,-9.0,7.0,0.8111,0.7593,40.58,53.65,39.83
clean/clean_0258.jpg,35.0298,high,pass,21.961,-4.0,16.0,0.7963,0.7456,55.34,54.55,29.65
clean/clean_0259.jpg,21.8669,high,pass,35.294,-13.0,19.0,0.688,0.5912,73.11,88.02,52.97
clean/clean_0260.jpg,4.2371,low,pass,62.745,-8.0,55.0,0.4293,0.2733,166.17,154.3,46.3
clean/clean_0261.jpg,3.1902,low,pass,66.275,-12.0,51.0,0.3916,0.2325,169.09,165.54,64.92
clean/clean_0262.jpg,21.6217,high,pass,37.255,-12.0,28.0,0.6708,0.5685,83.17,92.54,41.78
clean/clean_0263.jpg,19.1625,medium,pass,40.0,-12.0,26.0,0.6419,0.5367,89.67,99.97,51.06
clean/clean_0264.jpg,2.4091,low,pass,67.451,1.0,23.0,0.3582,0.2188,181.14,162.8,122.21
clean/clean_0265.jpg,18.2951,medium,pass,37.647,-10.0,35.0,0.6663,0.564,91.4,92.46,30.62
clean/clean_0266.jpg,3.3221,low,pass,65.098,-7.0,45.0,0.394,0.246,171.77,160.83,76.83
clean/clean_0267.jpg,9.6691,medium,pass,53.725,-12.0,46.0,0.5206,0.3777,132.16,132.29,44.61
clean/clean_0268.jpg,22.7081,high,pass,38.824,-18.0,26.0,0.6633,0.5503,76.65,98.02,47.27
clean/clean_0269.jpg,2.1447,low,pass,69.804,-2.0,28.0,0.337,0.1915,185.66,170.09,120.27
clean/clean_0270.jpg,6.853,medium,pass,59.608,-7.0,60.0,0.4691,0.3096,160.84,144.35,22.48
clean/clean_0271.jpg,13.6259,medium,pass,47.843,-3.0,43.0,0.5714,0.4458,128.39,113.75,36.21
clean/clean_0272.jpg,26.3622,high,pass,35.686,-14.0,28.0,0.689,0.5866,76.03,89.09,37.42
clean/clean_0273.jpg,18.3717,medium,pass,43.529,-21.0,39.0,0.6251,0.496,87.72,111.87,32.48
clean/clean_0274.jpg,5.1952,medium,pass,56.471,1.0,52.0,0.4892,0.3459,161.83,132.42,36.42
clean/clean_0275.jpg,17.4017,medium,pass,40.392,-13.0,29.0,0.6425,0.5321,89.61,100.83,45.46
clean/clean_0276.jpg,23.3994,high,pass,33.725,-9.0,17.0,0.698,0.6094,75.86,82.46,52.02
clean/clean_0277.jpg,6.8558,medium,pass,56.078,2.0,48.0,0.4876,0.3504,160.85,131.44,47.44
clean/clean_0278.jpg,18.1895,medium,pass,43.529,-15.0,29.0,0.6161,0.4958,94.31,108.29,53.84
clean/clean_0279.jpg,19.9665,medium,pass,44.706,-21.0,39.0,0.615,0.4822,91.49,113.79,35.33
clean/clean_0280.jpg,22.1272,high,pass,38.039,-12.0,32.0,0.6642,0.5594,87.64,94.23,36.1
clean/clean_0281.jpg,19.0006,medium,pass,38.824,-20.0,27.0,0.6626,0.5503,73.91,99.9,46.38
clean/clean_0282.jpg,0.2326,fresh,pass,84.706,3.0,0.0,0.1673,0.019,217.97,209.8,210.76
clean/clean_0283.jpg,30.7894,high,pass,24.314,-13.0,13.0,0.784,0.7184,44.32,63.85,38.03
clean/clean_0284.jpg,21.4092,high,pass,34.51,-14.0,24.0,0.6993,0.6003,71.26,86.17,41.88
clean/clean_0285.jpg,10.7976,medium,pass,48.627,-4.0,41.0,0.5629,0.4368,129.38,115.67,42.75
clean/clean_0286.jpg,45.139,high,pass,7.059,11.0,-11.0,0.907,0.9182,30.58,17.78,36.3
clean/clean_0287.jpg,33.0044,high,pass,27.059,1.0,12.0,0.7498,0.6866,72.18,63.09,45.57
clean/clean_0288.jpg,2.7605,low,pass,65.098,6.0,26.0,0.3798,0.246,184.8,153.55,112.03
clean/clean_0289.jpg,39.2077,high,pass,20.784,-3.0,9.0,0.8072,0.7593,51.82,50.11,37.23
clean/clean_0290.jpg,23.6208,high,pass,36.863,-21.0,23.0,0.6838,0.573,63.89,95.42,48.36
clean/clean_0291.jpg,16.6255,medium,pass,38.824,-9.0,30.0,0.6544,0.5503,93.37,94.44,41.84
clean/clean_0292.jpg,22.4235,high,pass,34.902,-12.0,34.0,0.6974,0.5958,79.59,86.19,24.34
clean/clean_0293.jpg,2.7334,low,pass,66.667,6.0,37.0,0.368,0.2279,194.0,157.2,95.38
clean/clean_0294.jpg,9.7664,medium,pass,52.549,-5.0,47.0,0.5249,0.3914,141.4,126.76,39.07
clean/clean_0295.jpg,12.4219,medium,pass,50.196,-12.0,48.0,0.5586,0.4186,122.01,124.0,28.91
clean/clean_0296.jpg,16.563,medium,pass,49.02,-21.0,45.0,0.5751,0.4322,104.43,124.88,33.49
clean/clean_0297.jpg,13.3087,medium,pass,46.667,-8.0,35.0,0.5797,0.4595,116.4,113.76,49.17
clean/clean_0298.jpg,18.6024,medium,pass,41.176,-20.0,33.0,0.6434,0.5231,81.37,105.52,40.91
clean/clean_0299.jpg,27.6317,high,pass,33.725,-13.0,24.0,0.7026,0.6094,72.15,84.3,41.85
clean/clean_0300.jpg,25.2432,high,pass,37.255,-20.0,35.0,0.685,0.5685,71.09,95.23,27.84
clean/clean_0301.jpg,0.0853,fresh,pass,86.667,-1.0,1.0,0.1474,0.0,215.13,218.96,215.3
clean/clean_0302.jpg,25.354,high,pass,34.51,-11.0,36.0,0.702,0.6003,80.33,85.09,17.7
clean/clean_0303.jpg,31.2193,high,pass,23.529,-5.0,11.0,0.7824,0.7275,55.44,58.35,40.83
clean/clean_0304.jpg,37.8534,high,pass,20.392,-8.0,15.0,0.8169,0.7638,45.34,51.02,27.97
clean/clean_0305.jpg,28.7666,high,pass,29.804,-13.0,24.0,0.7373,0.6548,62.77,75.84,32.46
clean/clean_0306.jpg,13.1014,medium,pass,47.451,-11.0,35.0,0.5758,0.4504,113.5,116.41,51.8
clean/clean_0307.jpg,10.0181,medium,pass,53.725,-14.0,46.0,0.5232,0.3777,128.46,133.22,43.68
clean/clean_0308.jpg,41.6765,high,pass,19.608,-4.0,14.0,0.8184,0.7729,49.82,48.11,27.83
clean/clean_0309.jpg,0.878,fresh,pass,75.294,-4.0,20.0,0.276,0.1279,193.91,186.66,149.76
clean/clean_0310.jpg,29.3516,high,pass,30.98,-14.0,28.0,0.731,0.6412,64.69,78.68,27.0
clean/clean_0311.jpg,23.2459,high,pass,39.608,-26.0,40.0,0.6697,0.5413,70.19,103.57,21.4
clean/clean_0312.jpg,24.6346,high,pass,32.157,-10.0,25.0,0.7129,0.6276,74.92,79.68,35.39
clean/clean_0313.jpg,11.9788,medium,pass,52.157,-13.0,45.0,0.5334,0.3959,127.5,129.48,42.71
clean/clean_0314.jpg,13.8933,medium,pass,41.961,-9.0,42.0,0.6298,0.5141,104.55,102.84,24.37
clean/clean_0315.jpg,22.8902,high,pass,35.294,-9.0,27.0,0.6836,0.5912,84.0,86.91,39.85
clean/clean_0316.jpg,36.8651,high,pass,19.608,-7.0,14.0,0.8216,0.7729,43.48,50.08,27.03
clean/clean_0317.jpg,0.1797,fresh,pass,83.922,6.0,-5.0,0.1752,0.028,217.17,205.3,218.27
clean/clean_0318.jpg,21.9009,high,pass,38.039,-15.0,31.0,0.6676,0.5594,82.13,95.2,37.98
clean/clean_0319.jpg,32.6933,high,pass,26.667,-17.0,21.0,0.77,0.6911,48.07,69.45,30.7
clean/clean_0320.jpg,0.2107,fresh,pass,83.137,0.0,-3.0,0.1859,0.0372,205.04,207.94,212.6
clean/clean_0321.jpg,19.9412,medium,pass,38.431,-21.0,30.0,0.6705,0.5549,71.14,98.98,40.84
clean/clean_0322.jpg,16.7488,medium,pass,45.098,-20.0,42.0,0.6119,0.4777,94.42,114.86,29.02
clean/clean_0323.jpg,8.9373,medium,pass,53.333,-1.0,52.0,0.5194,0.3823,149.69,126.74,29.81
clean/clean_0324.jpg,10.3098,medium,pass,53.333,-6.0,49.0,0.5224,0.3822,141.27,128.47,36.17
clean/clean_0325.jpg,13.473,medium,pass,43.137,0.0,33.0,0.6063,0.5004,118.25,101.77,46.39
clean/clean_0326.jpg,30.9911,high,pass,25.49,-13.0,20.0,0.7748,0.7048,51.08,66.0,30.01
clean/clean_0327.jpg,44.5033,high,pass,14.118,-12.0,16.0,0.8718,0.8365,25.06,40.91,10.44
clean/clean_0328.jpg,38.7165,high,pass,21.176,-15.0,20.0,0.8145,0.7547,39.66,56.43,20.44
clean/clean_0329.jpg,9.2031,medium,pass,56.078,-11.0,45.0,0.4929,0.3505,140.5,138.79,51.11
clean/clean_0330.jpg,28.6051,high,pass,33.725,-16.0,32.0,0.7112,0.6094,70.14,85.05,24.12
clean/clean_0331.jpg,29.5891,high,pass,33.333,-21.0,29.0,0.7203,0.6139,58.21,86.06,29.76
clean/clean_0332.jpg,43.812,high,pass,10.98,-3.0,1.0,0.8851,0.8728,24.23,31.75,29.95
clean/clean_0333.jpg,12.7002,medium,pass,49.804,-9.0,39.0,0.5538,0.4231,123.83,121.2,49.21
clean/clean_0334.jpg,18.5078,medium,pass,43.529,-22.0,37.0,0.6261,0.4958,85.01,111.93,37.16
clean/clean_0335.jpg,14.3519,medium,pass,43.922,-6.0,37.0,0.606,0.4913,113.68,105.5,39.98
clean/clean_0336.jpg,21.1124,high,pass,39.216,-17.0,31.0,0.6607,0.5458,80.41,99.02,38.11
clean/clean_0337.jpg,12.6633,medium,pass,50.588,-9.0,47.0,0.549,0.414,128.46,123.98,33.52
clean/clean_0338.jpg,21.8084,high,pass,35.294,-16.0,25.0,0.6924,0.5912,70.21,89.74,41.75
clean/clean_0339.jpg,1.6489,low,pass,70.98,-2.0,14.0,0.3181,0.1778,181.92,174.67,148.86
clean/clean_0340.jpg,10.1887,medium,pass,49.804,-8.0,45.0,0.5576,0.4232,127.47,120.21,36.22
clean/clean_0341.jpg,37.3882,high,pass,20.392,-7.0,18.0,0.8149,0.7638,47.22,51.98,22.45
clean/clean_0342.jpg,28.9295,high,pass,32.157,-19.0,21.0,0.7244,0.6275,55.39,83.23,42.64
clean/clean_0343.jpg,14.7992,medium,pass,42.353,-7.0,36.0,0.6219,0.5094,107.03,102.54,37.01
clean/clean_0344.jpg,20.2933,high,pass,36.471,-13.0,26.0,0.6763,0.5776,79.51,91.65,43.67
clean/clean_0345.jpg,33.4814,high,pass,25.882,-5.0,22.0,0.7659,0.7002,65.64,63.01,27.03
clean/clean_0346.jpg,9.6587,medium,pass,49.412,-5.0,45.0,0.5572,0.4276,131.99,118.28,35.2
clean/clean_0347.jpg,22.9038,high,pass,36.471,-19.0,28.0,0.6873,0.5776,68.37,93.45,39.0
clean/clean_0348.jpg,15.8719,medium,pass,46.275,-10.0,41.0,0.5871,0.464,114.68,113.89,36.36
clean/clean_0349.jpg,31.7545,high,pass,29.804,-14.0,26.0,0.74,0.6548,61.96,75.94,27.96
clean/clean_0350.jpg,21.5282,high,pass,39.608,-14.0,31.0,0.6527,0.5412,87.77,98.06,41.77
clean/clean_0351.jpg,21.9264,high,pass,32.941,-10.0,18.0,0.7075,0.6185,71.15,81.44,48.24
clean/clean_0352.jpg,24.8375,high,pass,32.941,-15.0,29.0,0.7146,0.6184,68.32,83.23,30.63
clean/clean_0353.jpg,26.3171,high,pass,30.196,-11.0,26.0,0.7327,0.6502,67.51,75.96,29.81
clean/clean_0354.jpg,7.7555,medium,pass,55.294,-8.0,47.0,0.5027,0.3596,142.22,134.97,44.51
clean/clean_0355.jpg,3.8926,low,pass,64.314,-9.0,50.0,0.412,0.2551,167.37,158.27,61.35
clean/clean_0356.jpg,41.2878,high,pass,15.686,-8.0,15.0,0.8538,0.8183,34.39,42.85,16.1
clean/clean_0357.jpg,15.3974,medium,pass,45.49,-3.0,39.0,0.5885,0.4731,122.98,108.35,40.05
clean/clean_0358.jpg,16.2532,medium,pass,48.627,-15.0,45.0,0.5706,0.4367,114.43,121.96,32.42
clean/clean_0359.jpg,28.1247,high,pass,32.157,-21.0,32.0,0.731,0.6275,57.42,83.41,21.56
clean/clean_0360.jpg,4.3828,low,pass,58.824,7.0,48.0,0.4555,0.3187,176.49,136.0,54.77
clean/clean_0361.jpg,14.6456,medium,pass,41.569,-3.0,27.0,0.621,0.5186,108.08,98.98,54.69
clean/clean_0362.jpg,20.07,high,pass,42.353,-23.0,35.0,0.637,0.5094,80.29,109.05,39.83
clean/clean_0363.jpg,20.1011,high,pass,37.647,-17.0,28.0,0.6732,0.564,75.84,95.37,40.92
clean/clean_0364.jpg,22.8665,high,pass,34.902,-14.0,26.0,0.6914,0.5957,73.06,88.9,40.92
clean/clean_0365.jpg,19.6039,medium,pass,39.216,-15.0,29.0,0.6551,0.5457,84.23,98.22,44.7
clean/clean_0366.jpg,29.513,high,pass,22.353,-5.0,16.0,0.7935,0.7411,55.61,55.74,29.0
clean/clean_0367.jpg,13.6895,medium,pass,47.059,-16.0,40.0,0.5865,0.4549,106.3,117.52,40.91
clean/clean_0368.jpg,16.2068,medium,pass,40.784,-8.0,35.0,0.6374,0.5276,101.57,98.94,35.26
clean/clean_0369.jpg,5.2691,medium,pass,58.824,3.0,55.0,0.4619,0.3187,171.88,138.78,38.16
clean/clean_0370.jpg,43.1462,high,pass,12.941,3.0,14.0,0.8684,0.8501,43.43,32.48,13.12
clean/clean_0371.jpg,36.9133,high,pass,21.961,-14.0,11.0,0.8062,0.7456,36.96,58.34,36.21
clean/clean_0372.jpg,44.8939,high,pass,13.725,1.0,-6.0,0.861,0.841,32.45,35.36,43.71
clean/clean_0373.jpg,12.108,medium,pass,49.412,-12.0,45.0,0.5647,0.4277,120.03,121.1,35.26
clean/clean_0374.jpg,5.2551,medium,pass,52.941,14.0,50.0,0.5168,0.3868,169.91,116.49,35.27
clean/clean_0375.jpg,6.6429,medium,pass,57.255,3.0,55.0,0.4834,0.3368,166.4,133.3,32.68
clean/clean_0376.jpg,0.2511,fresh,pass,86.275,1.0,11.0,0.1544,0.0008,225.49,214.55,195.2
clean/clean_0377.jpg,14.0151,medium,pass,44.314,-14.0,38.0,0.6091,0.4867,102.6,110.13,38.14
clean/clean_0378.jpg,37.2696,high,pass,18.039,5.0,12.0,0.8231,0.7911,58.25,41.76,27.94
clean/clean_0379.jpg,13.3504,medium,pass,47.059,-7.0,40.0,0.5762,0.4549,120.07,114.67,42.67
clean/clean_0380.jpg,46.8148,high,pass,11.765,-8.0,5.0,0.8837,0.8637,22.29,34.44,24.31
clean/clean_0381.jpg,42.326,high,pass,18.431,-9.0,11.0,0.8324,0.7865,37.07,48.29,28.93
clean/clean_0382.jpg,27.5052,high,pass,32.941,-19.0,26.0,0.715,0.6185,60.89,85.96,35.21
clean/clean_0383.jpg,5.7728,medium,pass,58.039,-1.0,54.0,0.4724,0.3277,163.39,138.6,37.98
clean/clean_0384.jpg,22.3088,high,pass,34.902,-12.0,22.0,0.6888,0.5957,75.58,87.72,46.2
clean/clean_0385.jpg,17.7236,medium,pass,39.608,-10.0,31.0,0.6484,0.5412,93.28,97.11,41.74
clean/clean_0386.jpg,26.8667,high,pass,29.02,-13.0,25.0,0.745,0.6639,62.87,73.16,28.86
clean/clean_0387.jpg,39.7303,high,pass,18.039,-15.0,10.0,0.842,0.7911,24.92,50.0,30.64
clean/clean_0388.jpg,45.5497,high,pass,16.863,-16.0,11.0,0.8522,0.8047,23.16,47.32,26.11
clean/clean_0389.jpg,26.4408,high,pass,32.941,-12.0,15.0,0.7079,0.6185,66.53,82.37,54.7
clean/clean_0390.jpg,46.0353,high,pass,11.373,-8.0,10.0,0.8848,0.8683,26.0,33.52,16.94
clean/clean_0391.jpg,20.1982,high,pass,40.392,-18.0,37.0,0.6498,0.5322,85.13,102.81,30.81
clean/clean_0392.jpg,13.2923,medium,pass,46.275,-8.0,40.0,0.5852,0.464,117.34,112.86,39.02
clean/clean_0393.jpg,10.8621,medium,pass,49.412,-1.0,48.0,0.5577,0.4277,137.58,116.47,28.78
clean/clean_0394.jpg,9.2587,medium,pass,50.588,2.0,49.0,0.5453,0.4141,145.37,117.81,29.19
clean/clean_0395.jpg,10.9237,medium,pass,53.333,-13.0,47.0,0.5247,0.3823,130.23,132.21,40.82
clean/clean_0396.jpg,13.4612,medium,pass,49.412,-17.0,45.0,0.5632,0.4277,113.73,124.95,35.41
clean/clean_0397.jpg,25.5941,high,pass,32.941,-18.0,23.0,0.7154,0.6184,61.88,84.18,40.81
clean/clean_0398.jpg,17.2705,medium,pass,39.608,-13.0,36.0,0.6535,0.5413,89.47,98.84,31.47
clean/clean_0399.jpg,25.5338,high,pass,30.196,-15.0,21.0,0.7339,0.6503,59.99,77.67,38.0
clean/clean_0400.jpg,0.091,fresh,pass,83.922,-4.0,9.0,0.1819,0.028,208.79,211.69,192.34
clean/clean_0401.jpg,4.2881,low,pass,60.784,-8.0,54.0,0.4493,0.296,160.75,148.88,43.64
clean/clean_0402.jpg,42.6562,high,pass,12.157,-6.0,8.0,0.8788,0.8592,27.73,34.35,21.44
clean/clean_0403.jpg,36.9418,high,pass,23.529,-11.0,14.0,0.7896,0.7275,47.97,60.12,35.22
clean/clean_0404.jpg,0.3575,fresh,pass,81.961,5.0,7.0,0.1957,0.0507,219.09,200.76,190.64
clean/clean_0405.jpg,18.8108,medium,pass,41.569,-19.0,37.0,0.6399,0.5185,86.99,105.6,33.6
clean/clean_0406.jpg,8.8297,medium,pass,52.157,-4.0,46.0,0.527,0.3959,140.46,125.83,41.83
clean/clean_0407.jpg,12.5223,medium,pass,47.843,-11.0,43.0,0.5763,0.4458,117.32,117.45,35.3
clean/clean_0408.jpg,10.4914,medium,pass,50.98,7.0,42.0,0.5343,0.4096,152.24,115.44,48.07
clean/clean_0409.jpg,9.2014,medium,pass,53.725,-8.0,52.0,0.5217,0.3777,140.46,130.44,29.82
clean/clean_0410.jpg,18.6555,medium,pass,38.431,-2.0,35.0,0.6557,0.5549,103.49,90.7,31.63
clean/clean_0411.jpg,16.2251,medium,pass,44.706,-16.0,36.0,0.605,0.4822,98.82,112.81,43.59
clean/clean_0412.jpg,9.0999,medium,pass,50.588,-1.0,49.0,0.5459,0.414,141.44,119.42,29.87
clean/clean_0413.jpg,27.1099,high,pass,29.804,-14.0,26.0,0.7399,0.6548,62.96,75.1,29.88
clean/clean_0414.jpg,17.8666,medium,pass,38.824,-6.0,35.0,0.6525,0.5503,100.64,93.4,32.48
clean/clean_0415.jpg,12.9673,medium,pass,43.137,-6.0,36.0,0.6143,0.5003,109.94,103.61,40.85
clean/clean_0416.jpg,13.1273,medium,pass,44.706,-3.0,38.0,0.5968,0.4822,119.37,106.58,40.12
clean/clean_0417.jpg,9.2652,medium,pass,52.157,-1.0,49.0,0.5281,0.3959,146.0,123.97,34.43
clean/clean_0418.jpg,38.0326,high,pass,17.647,-1.0,7.0,0.8294,0.7956,45.32,44.53,33.5
clean/clean_0419.jpg,43.8049,high,pass,12.941,9.0,10.0,0.8634,0.8501,48.1,30.68,21.48
clean/clean_0420.jpg,34.77,high,pass,20.0,-4.0,10.0,0.8119,0.7683,47.16,50.99,34.41
clean/clean_0421.jpg,45.2149,high,pass,10.196,3.0,5.0,0.8914,0.8819,35.14,25.11,21.45
clean/clean_0422.jpg,16.009,medium,pass,38.824,-14.0,29.0,0.6584,0.5503,84.06,97.13,43.6
clean/clean_0423.jpg,27.7769,high,pass,30.196,-16.0,13.0,0.737,0.6503,52.75,77.83,49.24
clean/clean_0424.jpg,1.0091,low,pass,75.294,-4.0,16.0,0.2747,0.1279,190.38,187.74,156.39
clean/clean_0425.jpg,25.6161,high,pass,34.902,-16.0,25.0,0.696,0.5958,69.41,88.94,40.04
clean/clean_0426.jpg,19.3435,medium,pass,32.549,-9.0,25.0,0.7112,0.623,76.64,79.55,35.26
clean/clean_0427.jpg,1.6485,low,pass,74.51,-5.0,27.0,0.2882,0.137,193.03,184.86,134.11
clean/clean_0428.jpg,15.2086,medium,pass,47.451,-15.0,44.0,0.5848,0.4504,109.85,118.3,31.52
clean/clean_0429.jpg,44.5041,high,pass,21.961,-25.0,24.0,0.831,0.7457,19.44,61.14,12.21
clean/clean_0430.jpg,7.4074,medium,pass,54.51,-1.0,49.0,0.5086,0.3686,152.36,128.49,38.03
clean/clean_0431.jpg,35.1997,high,pass,24.314,-12.0,13.0,0.7842,0.7184,46.23,62.99,37.17
clean/clean_0432.jpg,7.829,medium,pass,53.725,5.0,45.0,0.5094,0.3777,158.98,123.11,46.5
clean/clean_0433.jpg,38.422,high,pass,18.431,-4.0,19.0,0.8281,0.7865,49.05,46.42,16.9
clean/clean_0434.jpg,19.1897,medium,pass,32.157,-3.0,25.0,0.7097,0.6276,83.2,76.87,35.35
clean/clean_0435.jpg,10.6191,medium,pass,51.373,-6.0,44.0,0.5376,0.4049,134.83,123.89,42.66
clean/clean_0436.jpg,43.0927,high,pass,15.294,-3.0,11.0,0.8507,0.8229,38.03,40.94,23.41
clean/clean_0437.jpg,8.3666,medium,pass,54.118,-6.0,50.0,0.5153,0.3732,143.29,130.51,36.36
clean/clean_0438.jpg,20.1607,high,pass,42.353,-22.0,35.0,0.6379,0.5094,81.24,108.16,39.86
clean/clean_0439.jpg,32.9558,high,pass,25.49,-22.0,19.0,0.7873,0.7048,35.03,68.42,31.52
clean/clean_0440.jpg,3.1711,low,pass,63.922,0.0,45.0,0.404,0.2597,179.16,153.44,73.14
clean/clean_0441.jpg,1.0966,low,pass,71.373,2.0,15.0,0.3118,0.1734,189.33,173.77,147.96
clean/clean_0442.jpg,21.5795,high,pass,38.824,-16.0,29.0,0.6625,0.5503,80.42,97.18,43.65
clean/clean_0443.jpg,15.7887,medium,pass,42.745,-12.0,34.0,0.621,0.5049,99.83,105.5,42.74
clean/clean_0444.jpg,9.9784,medium,pass,50.98,1.0,49.0,0.5401,0.4095,145.85,119.21,32.44
clean/clean_0445.jpg,13.4325,medium,pass,46.667,-10.0,42.0,0.585,0.4595,115.41,114.63,35.25
clean/clean_0446.jpg,0.7384,fresh,pass,76.863,-3.0,11.0,0.2567,0.1097,193.15,191.44,170.24
clean/clean_0447.jpg,7.3758,medium,pass,55.294,-3.0,53.0,0.503,0.3595,152.44,132.27,30.72
clean/clean_0448.jpg,9.9197,medium,pass,50.196,-5.0,52.0,0.5557,0.4186,135.88,120.32,17.84
clean/clean_0449.jpg,19.9036,medium,pass,41.569,-26.0,34.0,0.6482,0.5185,72.25,108.4,39.18
clean/clean_0450.jpg,15.216,medium,pass,43.137,-8.0,32.0,0.6127,0.5004,106.38,104.67,48.38
clean/clean_0451.jpg,22.7238,high,pass,33.725,-12.0,19.0,0.6999,0.6094,72.12,84.26,48.28
clean/clean_0452.jpg,25.4621,high,pass,36.863,-26.0,30.0,0.694,0.573,58.24,96.24,36.25
clean/clean_0453.jpg,37.3197,high,pass,24.706,-7.0,19.0,0.7781,0.7138,58.13,61.04,29.68
clean/clean_0454.jpg,3.58,low,pass,62.353,-10.0,42.0,0.4273,0.2778,157.03,154.4,74.1
clean/clean_0455.jpg,15.5375,medium,pass,44.314,-9.0,37.0,0.6069,0.4867,109.13,107.42,40.04
clean/clean_0456.jpg,5.274,medium,pass,60.392,3.0,60.0,0.4547,0.3005,177.46,141.59,25.26
clean/clean_0457.jpg,8.8053,medium,pass,56.471,-9.0,55.0,0.4949,0.3459,147.91,138.81,27.11
clean/clean_0458.jpg,28.526,high,pass,31.765,-9.0,26.0,0.7167,0.6321,74.81,78.64,32.5
clean/clean_0459.jpg,24.224,high,pass,38.039,-19.0,31.0,0.6732,0.5594,75.85,96.29,36.31
clean/clean_0460.jpg,24.9489,high,pass,35.686,-17.0,29.0,0.6889,0.5867,71.95,91.48,36.11
clean/clean_0461.jpg,0.3594,fresh,pass,80.784,1.0,2.0,0.2093,0.0643,205.09,200.61,197.88
clean/clean_0462.jpg,0.7871,fresh,pass,79.216,-8.0,14.0,0.2383,0.0825,192.85,199.46,170.87
clean/clean_0463.jpg,17.3575,medium,pass,45.098,-16.0,38.0,0.6029,0.4776,99.76,113.75,40.83
clean/clean_0464.jpg,16.186,medium,pass,39.608,-17.0,30.0,0.6552,0.5413,81.39,100.0,42.78
clean/clean_0465.jpg,38.3066,high,pass,19.608,-4.0,20.0,0.8202,0.7729,51.7,48.15,18.63
clean/clean_0466.jpg,8.546,medium,pass,50.588,-3.0,52.0,0.5511,0.414,139.45,120.18,19.56
clean/clean_0467.jpg,2.9746,low,pass,65.49,-7.0,36.0,0.3863,0.2414,169.9,161.73,94.36
clean/clean_0468.jpg,30.9558,high,pass,28.235,-13.0,20.0,0.7521,0.6729,58.16,71.23,35.25
clean/clean_0469.jpg,16.4636,medium,pass,41.569,-11.0,38.0,0.6311,0.5185,100.67,102.66,32.51
clean/clean_0470.jpg,15.8363,medium,pass,43.137,-11.0,39.0,0.6202,0.5004,104.42,105.48,32.56
clean/clean_0471.jpg,1.457,low,pass,72.549,-2.0,14.0,0.303,0.1597,185.77,178.52,152.7
clean/clean_0472.jpg,42.1833,high,pass,14.118,4.0,9.0,0.8569,0.8365,45.31,34.37,24.24
clean/clean_0473.jpg,4.0243,low,pass,61.961,0.0,50.0,0.4313,0.2824,174.64,147.08,56.62
clean/clean_0474.jpg,6.4602,medium,pass,56.471,2.0,55.0,0.4893,0.3459,163.61,132.35,31.73
clean/clean_0475.jpg,43.9961,high,pass,13.333,-13.0,9.0,0.8769,0.8456,20.33,38.95,21.43
clean/clean_0476.jpg,8.2718,medium,pass,50.98,6.0,43.0,0.5334,0.4095,151.47,116.52,46.38
clean/clean_0477.jpg,2.324,low,pass,67.059,-1.0,29.0,0.3641,0.2233,180.14,162.73,111.98
clean/clean_0478.jpg,2.3183,low,pass,69.804,-4.0,28.0,0.3385,0.1914,182.9,171.03,119.36
clean/clean_0479.jpg,28.9891,high,pass,29.02,-18.0,28.0,0.7522,0.6639,53.56,75.87,23.25
clean/clean_0480.jpg,16.689,medium,pass,45.098,-19.0,40.0,0.6069,0.4777,97.01,114.69,34.39
clean/clean_0481.jpg,17.1399,medium,pass,42.745,-16.0,37.0,0.626,0.5049,94.96,107.1,36.04
clean/clean_0482.jpg,11.8691,medium,pass,45.49,-6.0,41.0,0.5952,0.4731,118.11,109.02,34.25
clean/clean_0483.jpg,11.4188,medium,pass,49.02,-11.0,42.0,0.5629,0.4322,120.97,120.18,41.72
clean/clean_0484.jpg,5.8319,medium,pass,57.255,-9.0,55.0,0.488,0.3368,148.71,140.53,31.6
clean/clean_0485.jpg,25.3754,high,pass,35.686,-23.0,23.0,0.6959,0.5866,58.98,93.29,45.3
clean/clean_0486.jpg,30.6538,high,pass,27.059,-7.0,16.0,0.7542,0.6866,63.68,66.59,39.84
clean/clean_0487.jpg,18.1726,medium,pass,37.647,-23.0,33.0,0.6811,0.564,68.53,97.3,32.69
clean/clean_0488.jpg,23.969,high,pass,36.471,-17.0,26.0,0.6838,0.5776,71.23,92.61,43.7
clean/clean_0489.jpg,16.6153,medium,pass,43.922,-17.0,37.0,0.6184,0.4913,94.21,110.05,39.9
clean/clean_0490.jpg,24.3064,high,pass,33.725,-19.0,28.0,0.7078,0.6093,63.8,87.94,33.49
clean/clean_0491.jpg,43.1035,high,pass,14.51,-1.0,7.0,0.8574,0.8319,38.07,37.28,27.16
clean/clean_0492.jpg,12.7238,medium,pass,47.843,-7.0,46.0,0.5748,0.4459,124.69,115.6,28.82
clean/clean_0493.jpg,3.7091,low,pass,58.824,3.0,37.0,0.4512,0.3187,167.18,138.69,75.02
clean/clean_0494.jpg,36.1532,high,pass,21.176,-8.0,8.0,0.8056,0.7547,43.4,54.61,39.88
clean/clean_0495.jpg,28.0109,high,pass,32.549,-12.0,24.0,0.7117,0.623,71.04,81.34,39.82
clean/clean_0496.jpg,33.2107,high,pass,25.098,-13.0,21.0,0.7806,0.7093,49.92,64.83,26.08
clean/clean_0497.jpg,36.1168,high,pass,21.569,-20.0,15.0,0.822,0.7502,24.16,59.4,28.96
clean/clean_0498.jpg,17.1335,medium,pass,45.49,-22.0,38.0,0.6083,0.4731,90.62,116.6,38.15
clean/clean_0499.jpg,8.8272,medium,pass,55.686,-3.0,51.0,0.4988,0.355,153.54,132.44,36.44
clean/clean_0500.jpg,26.9393,high,pass,34.118,-17.0,31.0,0.7064,0.6048,69.32,87.01,27.01
clean/clean_0501.jpg,34.6907,high,pass,21.569,-14.0,17.0,0.8104,0.7502,40.72,56.55,26.11
clean/clean_0502.jpg,4.847,low,pass,62.745,-8.0,58.0,0.4328,0.2732,166.31,154.44,37.2
clean/clean_0503.jpg,15.1225,medium,pass,39.216,-6.0,27.0,0.6459,0.5458,98.79,94.31,47.25
clean/clean_0504.jpg,24.6061,high,pass,34.118,-16.0,28.0,0.7065,0.6048,68.45,86.13,33.53
clean/clean_0505.jpg,28.3358,high,pass,29.412,-12.0,21.0,0.7388,0.6594,61.86,74.92,36.17
clean/clean_0506.jpg,25.2529,high,pass,34.902,-7.0,25.0,0.6836,0.5957,84.88,85.94,42.58
clean/clean_0507.jpg,24.4362,high,pass,34.902,-22.0,29.0,0.705,0.5958,60.94,90.63,33.41
clean/clean_0508.jpg,40.4226,high,pass,19.608,-12.0,12.0,0.8232,0.7729,35.22,52.91,30.77
clean/clean_0509.jpg,19.6179,medium,pass,39.608,-9.0,29.0,0.6476,0.5412,94.27,96.25,45.5
clean/clean_0510.jpg,0.2534,fresh,pass,81.176,4.0,-3.0,0.2065,0.0597,206.03,199.7,206.2
clean/clean_0511.jpg,2.6864,low,pass,67.451,-6.0,40.0,0.3694,0.2188,178.18,165.39,91.56
clean/clean_0512.jpg,24.2555,high,pass,36.078,-14.0,26.0,0.6811,0.5821,77.84,90.91,41.08
clean/clean_0513.jpg,19.7006,medium,pass,39.216,-22.0,33.0,0.6637,0.5458,73.83,101.67,35.22
clean/clean_0514.jpg,12.7631,medium,pass,45.49,-13.0,36.0,0.596,0.4731,106.18,112.78,44.48
clean/clean_0515.jpg,29.861,high,pass,31.765,-23.0,21.0,0.7334,0.6321,48.14,83.37,40.92
clean/clean_0516.jpg,6.9657,medium,pass,56.471,-7.0,51.0,0.4898,0.3459,149.79,137.92,38.23
clean/clean_0517.jpg,6.8405,medium,pass,54.118,0.0,52.0,0.5126,0.3732,153.27,127.55,31.55
clean/clean_0518.jpg,24.2743,high,pass,32.549,-15.0,27.0,0.7158,0.623,66.6,83.36,31.68
clean/clean_0519.jpg,17.3524,medium,pass,40.0,-13.0,26.0,0.6451,0.5367,88.86,99.15,50.25
clean/clean_0520.jpg,34.2151,high,pass,23.137,-9.0,20.0,0.7934,0.732,52.5,58.18,24.96
clean/clean_0521.jpg,6.0656,medium,pass,60.784,-9.0,56.0,0.4509,0.2959,159.89,149.87,37.25
clean/clean_0522.jpg,22.7124,high,pass,35.686,-15.0,18.0,0.6861,0.5867,68.42,90.72,55.67
clean/clean_0523.jpg,22.2912,high,pass,30.98,-11.0,17.0,0.7242,0.6412,64.74,77.81,46.44
clean/clean_0524.jpg,18.6134,medium,pass,43.922,-16.0,40.0,0.6181,0.4913,97.16,110.22,31.77
clean/clean_0525.jpg,4.5609,low,pass,61.176,-5.0,56.0,0.4428,0.2914,167.14,148.81,41.72
clean/clean_0526.jpg,18.6588,medium,pass,41.569,-23.0,39.0,0.6472,0.5185,79.4,107.24,28.78
clean/clean_0527.jpg,14.5288,medium,pass,49.804,-24.0,43.0,0.5697,0.4232,99.77,128.53,39.0
clean/clean_0528.jpg,7.1567,medium,pass,54.118,9.0,53.0,0.512,0.3733,166.37,121.26,30.8
clean/clean_0529.jpg,16.5733,medium,pass,46.275,-12.0,38.0,0.5865,0.464,110.86,114.69,43.62
clean/clean_0530.jpg,5.6296,medium,pass,54.51,7.0,52.0,0.5069,0.3686,164.56,124.06,32.68
clean/clean_0531.jpg,33.8904,high,pass,20.784,-2.0,20.0,0.8077,0.7593,57.48,50.22,20.7
clean/clean_0532.jpg,10.2295,medium,pass,48.627,-10.0,48.0,0.5707,0.4368,121.95,119.31,26.07
clean/clean_0533.jpg,18.1864,medium,pass,40.392,-14.0,40.0,0.6496,0.5322,92.27,100.72,23.18
clean/clean_0534.jpg,10.5481,medium,pass,52.549,-8.0,51.0,0.5307,0.3914,136.01,128.76,29.99
clean/clean_0535.jpg,6.0586,medium,pass,58.431,-8.0,53.0,0.4717,0.3232,153.43,143.41,40.95
clean/clean_0536.jpg,37.8102,high,pass,18.824,-6.0,15.0,0.8237,0.782,46.3,48.29,24.31
clean/clean_0537.jpg,22.594,high,pass,34.118,-17.0,24.0,0.7014,0.6048,66.43,87.8,41.67
clean/clean_0538.jpg,21.4698,high,pass,33.333,-12.0,31.0,0.7071,0.6139,75.84,83.37,27.07
clean/clean_0539.jpg,11.4725,medium,pass,50.98,-9.0,48.0,0.5486,0.4095,129.43,124.02,31.71
clean/clean_0540.jpg,8.9196,medium,pass,53.725,4.0,49.0,0.5116,0.3778,157.0,124.82,38.05
clean/clean_0541.jpg,16.6901,medium,pass,43.529,-21.0,37.0,0.6216,0.4958,88.73,111.95,37.19
clean/clean_0542.jpg,8.0584,medium,pass,56.471,-3.0,51.0,0.4897,0.3459,155.2,135.02,39.02
clean/clean_0543.jpg,9.9273,medium,pass,50.588,-8.0,39.0,0.5435,0.4141,128.41,123.0,51.01
clean/clean_0544.jpg,32.8097,high,pass,25.49,-1.0,20.0,0.7667,0.7047,69.24,60.14,30.62
clean/clean_0545.jpg,7.2072,medium,pass,50.588,5.0,51.0,0.5469,0.414,149.82,115.79,24.39
clean/clean_0546.jpg,39.0046,high,pass,16.863,5.0,11.0,0.8324,0.8047,54.47,39.83,26.94
clean/clean_0547.jpg,7.7362,medium,pass,56.863,-8.0,51.0,0.4876,0.3414,148.83,138.81,40.96
clean/clean_0548.jpg,3.5502,low,pass,65.49,-2.0,44.0,0.3896,0.2415,180.15,158.12,78.75
clean/clean_0549.jpg,2.4149,low,pass,66.275,-4.0,29.0,0.3735,0.2324,173.63,162.69,108.25
clean/clean_0550.jpg,2.3981,low,pass,67.059,2.0,23.0,0.3579,0.2233,182.94,161.84,123.1
clean/clean_0551.jpg,4.0493,low,pass,61.176,-2.0,47.0,0.4395,0.2914,168.05,146.02,61.11
clean/clean_0552.jpg,26.9504,high,pass,30.98,-10.0,22.0,0.7269,0.6412,69.43,76.03,37.29
clean/clean_0553.jpg,48.7272,high,pass,10.196,-5.0,-1.0,0.8937,0.8819,19.35,30.57,29.69
clean/clean_0554.jpg,16.0224,medium,pass,44.706,-17.0,38.0,0.607,0.4822,98.92,112.91,38.15
clean/clean_0555.jpg,21.7645,high,pass,38.431,-15.0,31.0,0.6653,0.5549,82.17,96.16,38.02
clean/clean_0556.jpg,24.7786,high,pass,31.373,-8.0,26.0,0.7198,0.6366,75.75,76.81,32.52
clean/clean_0557.jpg,6.663,medium,pass,55.686,-5.0,52.0,0.4988,0.355,149.53,134.89,34.27
clean/clean_0558.jpg,22.2117,high,pass,36.471,-16.0,32.0,0.6808,0.5776,77.78,92.68,32.69
clean/clean_0559.jpg,17.7532,medium,pass,42.745,-14.0,29.0,0.6234,0.5049,93.29,106.35,50.06
clean/clean_0560.jpg,25.265,high,pass,34.902,-14.0,32.0,0.6962,0.5957,75.79,87.93,27.94
clean/clean_0561.jpg,21.4481,high,pass,32.941,-10.0,17.0,0.7074,0.6185,71.08,81.37,49.09
clean/clean_0562.jpg,16.671,medium,pass,42.353,-19.0,36.0,0.6347,0.5095,86.69,107.15,37.92
clean/clean_0563.jpg,9.6195,medium,pass,52.549,0.0,55.0,0.5332,0.3913,149.71,123.07,17.82
clean/clean_0564.jpg,24.9877,high,pass,32.941,-10.0,22.0,0.7072,0.6185,73.16,81.62,42.87
clean/clean_0565.jpg,28.5563,high,pass,29.412,-13.0,24.0,0.74,0.6593,62.84,74.98,30.68
clean/clean_0566.jpg,4.5938,low,pass,60.0,2.0,54.0,0.4527,0.3051,172.73,141.48,42.71
clean/clean_0567.jpg,14.1952,medium,pass,47.451,-9.0,49.0,0.583,0.4504,121.08,115.67,19.67
clean/clean_0568.jpg,1.532,low,pass,68.235,4.0,18.0,0.3455,0.2097,185.7,163.68,134.16
clean/clean_0569.jpg,31.2038,high,pass,27.059,-14.0,23.0,0.7639,0.6866,54.49,69.4,27.88
clean/clean_0570.jpg,27.2164,high,pass,29.02,-4.0,24.0,0.7381,0.6638,74.98,69.58,30.83
clean/clean_0571.jpg,34.2666,high,pass,24.706,-9.0,13.0,0.7794,0.7138,51.78,62.08,38.1
clean/clean_0572.jpg,48.1341,high,pass,5.49,2.0,2.0,0.9266,0.9364,22.28,17.81,14.15
clean/clean_0573.jpg,29.7976,high,pass,30.98,-13.0,28.0,0.7288,0.6412,66.43,78.56,27.8
clean/clean_0574.jpg,28.3565,high,pass,26.275,-9.0,21.0,0.7643,0.6957,60.86,65.62,29.63
clean/clean_0575.jpg,32.4898,high,pass,26.667,-13.0,24.0,0.7658,0.6911,55.51,68.58,25.2
clean/clean_0576.jpg,11.3004,medium,pass,49.804,2.0,44.0,0.5505,0.4232,142.58,115.02,39.33
clean/clean_0577.jpg,3.7339,low,pass,67.059,-8.0,52.0,0.3807,0.2234,178.25,165.45,65.77
clean/clean_0578.jpg,39.4641,high,pass,21.569,-12.0,18.0,0.8071,0.7502,44.37,56.51,24.22
clean/clean_0579.jpg,6.3214,medium,pass,55.294,0.0,52.0,0.4991,0.3595,157.99,130.43,34.43
clean/clean_0580.jpg,10.511,medium,pass,49.804,-6.0,48.0,0.5567,0.4232,131.13,120.19,28.8
clean/clean_0581.jpg,21.9444,high,pass,34.51,-18.0,25.0,0.7031,0.6003,64.81,88.03,40.97
clean/clean_0582.jpg,1.5663,low,pass,74.118,1.0,24.0,0.2879,0.1415,200.47,180.29,138.78
clean/clean_0583.jpg,0.9837,fresh,pass,73.333,-4.0,12.0,0.297,0.1506,181.04,182.1,159.98
clean/clean_0584.jpg,4.4422,low,pass,61.176,-4.0,49.0,0.4366,0.2914,166.28,148.87,57.5
clean/clean_0585.jpg,10.8421,medium,pass,49.804,5.0,43.0,0.5481,0.4232,146.65,113.55,41.55
clean/clean_0586.jpg,14.25,medium,pass,48.235,-19.0,43.0,0.5805,0.4413,105.22,121.98,34.29
clean/clean_0587.jpg,32.0356,high,pass,29.02,-13.0,23.0,0.7445,0.6639,61.91,73.13,32.53
clean/clean_0588.jpg,32.5798,high,pass,28.235,-19.0,14.0,0.7562,0.673,43.44,74.97,45.45
clean/clean_0589.jpg,0.7773,fresh,pass,81.961,-12.0,24.0,0.213,0.0508,198.49,209.71,159.88
clean/clean_0590.jpg,6.3547,medium,pass,58.431,-4.0,56.0,0.4749,0.3232,159.91,140.66,30.8
clean/clean_0591.jpg,0.3749,fresh,pass,83.137,-3.0,6.0,0.1896,0.037,206.84,208.83,195.01
clean/clean_0592.jpg,19.9978,medium,pass,35.294,-19.0,31.0,0.6972,0.5912,68.53,90.83,29.91
clean/clean_0593.jpg,6.4941,medium,pass,56.471,2.0,55.0,0.49,0.346,164.3,132.12,29.64
clean/clean_0594.jpg,26.8445,high,pass,30.196,-19.0,15.0,0.7413,0.6503,48.18,78.79,46.51
clean/clean_0595.jpg,29.1026,high,pass,27.451,-10.0,20.0,0.7538,0.682,60.97,69.42,33.44
clean/clean_0596.jpg,4.0874,low,pass,62.745,-3.0,45.0,0.4196,0.2733,170.86,151.61,69.47
clean/clean_0597.jpg,8.8561,medium,pass,57.255,-5.0,51.0,0.4816,0.3369,153.39,138.75,42.75
clean/clean_0598.jpg,8.535,medium,pass,49.412,8.0,49.0,0.5528,0.4277,150.59,111.95,28.87
clean/clean_0599.jpg,7.5304,medium,pass,55.686,-12.0,53.0,0.5052,0.3549,139.57,137.86,30.78
clean/clean_0600.jpg,3.8536,low,pass,62.745,-4.0,47.0,0.4182,0.2733,170.99,152.66,66.82
clean/clean_0601.jpg,24.3494,high,pass,37.255,-16.0,30.0,0.675,0.5685,77.65,94.41,37.19
clean/clean_0602.jpg,8.8038,medium,pass,52.549,-8.0,51.0,0.5319,0.3914,137.87,127.84,27.22
clean/clean_0603.jpg,10.4875,medium,pass,49.412,-6.0,47.0,0.5604,0.4277,130.3,118.43,31.66
clean/clean_0604.jpg,33.9836,high,pass,26.667,-16.0,27.0,0.7697,0.6911,52.67,69.42,19.59
clean/clean_0605.jpg,13.2652,medium,pass,52.157,-12.0,48.0,0.5373,0.3959,128.51,128.65,35.42
clean/clean_0606.jpg,22.2958,high,pass,38.431,-16.0,35.0,0.6673,0.5549,83.26,96.32,29.86
clean/clean_0607.jpg,10.0687,medium,pass,50.588,-10.0,41.0,0.5454,0.414,126.61,123.98,46.44
clean/clean_0608.jpg,14.4911,medium,pass,43.922,-8.0,37.0,0.609,0.4913,110.0,106.44,38.14
clean/clean_0609.jpg,17.8714,medium,pass,41.569,-8.0,34.0,0.6312,0.5185,102.74,100.1,40.11
clean/clean_0610.jpg,22.8848,high,pass,36.078,-13.0,31.0,0.6839,0.5821,80.45,89.82,33.51
clean/clean_0611.jpg,16.38,medium,pass,41.569,-16.0,36.0,0.6367,0.5185,91.38,104.45,35.22
clean/clean_0612.jpg,18.9949,medium,pass,39.216,-13.0,24.0,0.6519,0.5458,85.95,97.17,52.88
clean/clean_0613.jpg,35.1238,high,pass,20.0,-9.0,21.0,0.8202,0.7683,45.23,51.83,16.77
clean/clean_0614.jpg,20.0311,high,pass,34.51,-13.0,21.0,0.6952,0.6003,71.16,86.99,47.32
clean/clean_0615.jpg,14.0353,medium,pass,49.02,-17.0,42.0,0.5684,0.4321,111.01,123.15,40.08
clean/clean_0616.jpg,17.892,medium,pass,41.569,-15.0,34.0,0.633,0.5185,92.33,104.48,40.79
clean/clean_0617.jpg,37.3698,high,pass,20.784,-8.0,16.0,0.8114,0.7593,47.17,52.85,26.1
clean/clean_0618.jpg,20.4587,high,pass,38.039,-8.0,29.0,0.6606,0.5594,91.58,92.64,41.89
clean/clean_0619.jpg,23.4261,high,pass,33.725,-15.0,26.0,0.7078,0.6094,68.33,85.1,36.19
clean/clean_0620.jpg,26.601,high,pass,29.412,-14.0,27.0,0.747,0.6593,61.04,74.11,24.27
clean/clean_0621.jpg,22.09,high,pass,33.333,-5.0,17.0,0.6964,0.6139,81.32,80.53,51.02
clean/clean_0622.jpg,32.8613,high,pass,20.784,-11.0,21.0,0.8154,0.7593,43.52,54.74,16.9
clean/clean_0623.jpg,33.6339,high,pass,25.098,-7.0,24.0,0.7758,0.7093,61.06,62.12,21.51
clean/clean_0624.jpg,43.576,high,pass,11.373,1.0,10.0,0.8783,0.8683,37.14,30.81,16.07
clean/clean_0625.jpg,8.4791,medium,pass,51.373,-5.0,47.0,0.5406,0.4049,136.77,123.05,35.37
clean/clean_0626.jpg,33.6179,high,pass,23.529,-15.0,20.0,0.7956,0.7275,43.39,62.0,24.16
clean/clean_0627.jpg,42.8357,high,pass,14.118,0.0,2.0,0.8593,0.8365,37.93,35.3,33.49
clean/clean_0628.jpg,19.4427,medium,pass,38.431,-17.0,30.0,0.6651,0.5549,79.63,97.31,39.17
clean/clean_0629.jpg,24.3186,high,pass,33.725,-18.0,26.0,0.7094,0.6094,64.8,86.18,36.35
clean/clean_0630.jpg,34.3117,high,pass,22.353,1.0,12.0,0.79,0.7411,61.93,52.83,35.32
clean/clean_0631.jpg,24.555,high,pass,34.902,-12.0,28.0,0.6923,0.5958,78.44,86.89,35.21
clean/clean_0632.jpg,14.3768,medium,pass,46.667,-9.0,40.0,0.5857,0.4594,115.47,113.76,38.08
clean/clean_0633.jpg,27.7945,high,pass,27.451,-15.0,29.0,0.7648,0.6821,56.17,70.16,17.55
clean/clean_0634.jpg,32.8982,high,pass,23.922,-7.0,11.0,0.7811,0.7229,52.64,60.17,41.73
clean/clean_0635.jpg,7.0867,medium,pass,55.686,2.0,48.0,0.4926,0.355,159.68,130.26,45.34
clean/clean_0636.jpg,18.1501,medium,pass,41.961,-17.0,32.0,0.632,0.514,89.79,105.62,43.78
clean/clean_0637.jpg,31.5591,high,pass,25.098,-13.0,14.0,0.7787,0.7093,47.19,64.87,37.21
clean/clean_0638.jpg,32.5523,high,pass,24.706,-15.0,18.0,0.7852,0.7139,45.4,64.02,31.73
clean/clean_0639.jpg,32.1914,high,pass,23.922,-10.0,15.0,0.782,0.7229,50.77,61.99,35.24
clean/clean_0640.jpg,5.7244,medium,pass,57.647,-6.0,51.0,0.4772,0.3323,153.32,140.53,43.61
clean/clean_0641.jpg,40.8519,high,pass,21.176,-10.0,8.0,0.809,0.7547,40.8,54.79,38.2
clean/clean_0642.jpg,22.8029,high,pass,40.392,-23.0,30.0,0.654,0.5322,72.97,104.51,44.52
clean/clean_0643.jpg,34.2312,high,pass,24.706,-13.0,24.0,0.7837,0.7139,50.82,63.89,21.44
clean/clean_0644.jpg,6.8684,medium,pass,50.98,4.0,46.0,0.5362,0.4095,149.66,117.47,39.94
clean/clean_0645.jpg,33.7829,high,pass,28.235,-9.0,23.0,0.7482,0.673,64.66,70.34,31.58
clean/clean_0646.jpg,11.9515,medium,pass,46.667,-7.0,46.0,0.5858,0.4595,121.03,112.86,27.93
clean/clean_0647.jpg,8.0388,medium,pass,54.118,-8.0,48.0,0.5145,0.3732,140.4,131.3,41.76
clean/clean_0648.jpg,3.2882,low,pass,63.922,-4.0,36.0,0.4038,0.2596,169.0,155.29,90.69
clean/clean_0649.jpg,12.9457,medium,pass,45.49,-6.0,37.0,0.5917,0.4731,117.33,109.15,43.62
clean/clean_0650.jpg,5.3375,medium,pass,62.745,-6.0,62.0,0.4382,0.2733,170.85,152.52,23.26
clean/clean_0651.jpg,26.3385,high,pass,28.235,-12.0,18.0,0.7504,0.673,58.28,71.35,38.14
clean/clean_0652.jpg,22.902,high,pass,34.51,-21.0,29.0,0.7068,0.6003,61.78,89.62,32.41
clean/clean_0653.jpg,4.441,low,pass,59.608,-3.0,49.0,0.4541,0.3097,163.78,143.6,52.22
clean/clean_0654.jpg,20.8744,high,pass,39.216,-26.0,25.0,0.6709,0.5458,60.15,102.77,49.25
clean/clean_0655.jpg,20.338,high,pass,40.784,-22.0,35.0,0.6494,0.5276,78.63,105.54,34.47
clean/clean_0656.jpg,23.2264,high,pass,37.647,-19.0,26.0,0.6734,0.564,72.05,96.2,46.36
clean/clean_0657.jpg,22.8386,high,pass,32.549,-12.0,28.0,0.7135,0.623,72.17,81.55,31.71
clean/clean_0658.jpg,8.4575,medium,pass,50.588,-6.0,42.0,0.5425,0.4141,132.95,122.01,46.32
clean/clean_0659.jpg,27.9591,high,pass,32.549,-19.0,29.0,0.7233,0.623,61.89,83.27,27.89
clean/clean_0660.jpg,18.4422,medium,pass,37.255,-16.0,25.0,0.6714,0.5685,76.87,94.55,46.56
clean/clean_0661.jpg,33.2422,high,pass,27.451,-6.0,17.0,0.7499,0.682,65.54,67.52,39.86
clean/clean_0662.jpg,22.8092,high,pass,35.686,-14.0,26.0,0.6845,0.5867,76.76,89.82,41.84
clean/clean_0663.jpg,19.0134,medium,pass,40.784,-13.0,35.0,0.6404,0.5276,93.36,101.81,35.36
clean/clean_0664.jpg,11.9343,medium,pass,47.451,1.0,44.0,0.572,0.4504,135.79,110.08,34.38
clean/clean_0665.jpg,41.6286,high,pass,18.824,-10.0,19.0,0.829,0.782,42.45,49.05,18.6
clean/clean_0666.jpg,20.3965,high,pass,38.431,-12.0,24.0,0.6578,0.5549,84.99,95.28,51.92
clean/clean_0667.jpg,22.8323,high,pass,36.078,-14.0,22.0,0.6806,0.5822,75.84,90.75,48.31
clean/clean_0668.jpg,29.3227,high,pass,30.196,-4.0,23.0,0.7282,0.6503,76.77,72.29,34.47
clean/clean_0669.jpg,44.8796,high,pass,18.431,-19.0,19.0,0.8426,0.7865,25.92,51.92,16.86
clean/clean_0670.jpg,4.4398,low,pass,56.863,-1.0,47.0,0.482,0.3415,157.2,135.18,50.26
clean/clean_0671.jpg,31.9295,high,pass,24.706,-15.0,22.0,0.7852,0.7138,46.37,64.98,24.38
clean/clean_0672.jpg,8.3981,medium,pass,55.686,-19.0,51.0,0.5082,0.355,128.36,141.43,35.27
clean/clean_0673.jpg,34.4297,high,pass,21.176,-5.0,17.0,0.8067,0.7547,51.7,52.76,25.08
clean/clean_0674.jpg,15.1305,medium,pass,47.059,-15.0,40.0,0.5847,0.455,107.31,117.6,41.91
clean/clean_0675.jpg,1.1179,low,pass,78.431,-14.0,19.0,0.252,0.0915,182.0,201.52,158.17
clean/clean_0676.jpg,3.574,low,pass,65.49,-8.0,48.0,0.3935,0.2415,172.85,161.91,69.6
clean/clean_0677.jpg,22.043,high,pass,35.686,-21.0,29.0,0.6935,0.5867,66.55,92.55,34.4
clean/clean_0678.jpg,4.3797,low,pass,61.569,-2.0,52.0,0.4384,0.2869,170.88,147.01,51.01
clean/clean_0679.jpg,23.8415,high,pass,34.118,-11.0,23.0,0.6977,0.6048,75.8,84.25,43.65
clean/clean_0680.jpg,5.415,medium,pass,57.647,-1.0,52.0,0.4773,0.3323,161.71,136.92,39.99
clean/clean_0681.jpg,20.3145,high,pass,34.118,-14.0,27.0,0.6984,0.6048,72.99,86.98,35.3
clean/clean_0682.jpg,13.8286,medium,pass,49.412,-12.0,46.0,0.5638,0.4277,120.15,122.14,31.68
clean/clean_0683.jpg,8.0491,medium,pass,59.216,-8.0,56.0,0.4689,0.3141,156.93,144.14,34.29
clean/clean_0684.jpg,22.12,high,pass,35.294,-21.0,27.0,0.6998,0.5912,61.94,91.63,37.18
clean/clean_0685.jpg,39.4033,high,pass,15.294,-1.0,2.0,0.848,0.8229,39.73,38.94,35.28
clean/clean_0686.jpg,43.1236,high,pass,14.118,-8.0,14.0,0.8674,0.8365,31.27,38.8,14.82
clean/clean_0687.jpg,4.7892,low,pass,56.863,4.0,53.0,0.4829,0.3414,167.09,132.14,37.99
clean/clean_0688.jpg,16.7649,medium,pass,44.314,-18.0,32.0,0.6095,0.4868,92.4,112.85,50.08
clean/clean_0689.jpg,19.9048,medium,pass,38.824,-21.0,29.0,0.6655,0.5504,73.06,99.98,41.84
clean/clean_0690.jpg,34.2889,high,pass,22.745,-5.0,16.0,0.7908,0.7365,55.56,56.62,30.8
clean/clean_0691.jpg,6.3438,medium,pass,57.647,-7.0,55.0,0.484,0.3323,152.31,140.44,31.51
clean/clean_0692.jpg,33.0917,high,pass,22.745,-6.0,16.0,0.7894,0.7366,54.61,57.52,31.69
clean/clean_0693.jpg,7.3488,medium,pass,58.039,-4.0,58.0,0.4806,0.3278,159.75,139.57,24.17
clean/clean_0694.jpg,20.6735,high,pass,36.078,-18.0,30.0,0.6877,0.5822,71.93,92.39,34.25
clean/clean_0695.jpg,23.9579,high,pass,34.118,-12.0,27.0,0.7014,0.6048,75.81,84.26,35.35
clean/clean_0696.jpg,10.1276,medium,pass,53.725,-4.0,52.0,0.5217,0.3777,145.0,128.52,27.9
clean/clean_0697.jpg,17.4528,medium,pass,38.824,-8.0,30.0,0.6544,0.5503,94.13,94.27,40.75
clean/clean_0698.jpg,10.2446,medium,pass,48.235,-7.0,43.0,0.5707,0.4413,123.61,116.36,36.98
clean/clean_0699.jpg,30.5225,high,pass,33.333,-15.0,27.0,0.7098,0.6139,69.35,84.26,33.5
clean/clean_0700.jpg,7.4271,medium,pass,59.216,-8.0,56.0,0.4717,0.3142,155.11,144.17,32.46
clean/clean_0701.jpg,1.6548,low,pass,69.804,-3.0,24.0,0.3382,0.1915,182.02,170.15,126.79
clean/clean_0702.jpg,32.8757,high,pass,20.0,-4.0,8.0,0.8118,0.7683,46.24,51.0,37.18
clean/clean_0703.jpg,12.9704,medium,pass,48.627,-6.0,46.0,0.5648,0.4368,128.43,117.49,31.65
clean/clean_0704.jpg,9.2893,medium,pass,54.118,-7.0,52.0,0.5177,0.3732,142.24,131.3,29.76
clean/clean_0705.jpg,18.7321,medium,pass,37.647,-9.0,30.0,0.6661,0.5639,90.61,91.67,37.22
clean/clean_0706.jpg,20.8952,high,pass,36.863,-13.0,24.0,0.6729,0.573,79.4,92.47,47.26
clean/clean_0707.jpg,11.2595,medium,pass,52.549,-7.0,46.0,0.5258,0.3913,137.73,127.71,41.87
clean/clean_0708.jpg,23.4545,high,pass,34.118,-10.0,26.0,0.6964,0.6048,79.46,84.21,37.15
clean/clean_0709.jpg,13.0034,medium,pass,43.922,-3.0,34.0,0.6053,0.4913,116.24,103.45,45.31
clean/clean_0710.jpg,5.229,medium,pass,58.431,1.0,54.0,0.4694,0.3232,167.94,137.61,37.91
clean/clean_0711.jpg,18.8925,medium,pass,40.392,-15.0,29.0,0.6429,0.5322,86.93,101.84,46.47
clean/clean_0712.jpg,11.1548,medium,pass,47.843,2.0,42.0,0.5659,0.4459,136.83,111.11,40.04
clean/clean_0713.jpg,0.065,fresh,pass,86.667,-6.0,2.0,0.1538,0.0,206.93,220.91,212.64
clean/clean_0714.jpg,28.8979,high,pass,30.196,-17.0,29.0,0.7431,0.6503,58.02,77.55,23.09
clean/clean_0715.jpg,28.6173,high,pass,27.059,-9.0,20.0,0.7603,0.6866,59.09,67.53,33.4
clean/clean_0716.jpg,26.1299,high,pass,31.765,-16.0,27.0,0.7266,0.6321,63.64,80.4,30.56
clean/clean_0717.jpg,8.9374,medium,pass,53.725,-3.0,53.0,0.5189,0.3777,147.77,128.51,26.96
clean/clean_0718.jpg,18.2428,medium,pass,38.039,-11.0,31.0,0.663,0.5595,87.64,94.23,38.86
clean/clean_0719.jpg,4.3071,low,pass,60.392,6.0,51.0,0.4429,0.3005,179.14,140.49,52.81
clean/clean_0720.jpg,13.0477,medium,pass,49.804,-15.0,50.0,0.5638,0.4232,118.28,124.88,22.4
clean/clean_0721.jpg,14.0394,medium,pass,50.98,-14.0,45.0,0.548,0.4095,121.83,126.58,39.82
clean/clean_0722.jpg,30.8353,high,pass,27.451,-11.0,17.0,0.7562,0.682,58.42,68.72,38.28
clean/clean_0723.jpg,23.1011,high,pass,34.902,-14.0,28.0,0.6955,0.5957,74.92,87.07,36.31
clean/clean_0724.jpg,3.505,low,pass,60.392,4.0,33.0,0.4337,0.3005,171.77,141.44,87.91
clean/clean_0725.jpg,9.2748,medium,pass,52.549,-5.0,47.0,0.528,0.3914,139.44,126.65,38.03
clean/clean_0726.jpg,29.5267,high,pass,22.745,0.0,8.0,0.7851,0.7366,59.21,54.73,43.68
clean/clean_0727.jpg,17.081,medium,pass,41.961,-18.0,40.0,0.6366,0.514,90.51,106.34,27.88
clean/clean_0728.jpg,13.809,medium,pass,43.922,-7.0,42.0,0.6101,0.4912,112.71,106.38,28.84
clean/clean_0729.jpg,19.3728,medium,pass,41.569,-28.0,35.0,0.6538,0.5185,66.62,109.24,37.24
clean/clean_0730.jpg,1.5541,low,pass,72.157,-7.0,24.0,0.3154,0.1643,181.15,179.44,132.38
clean/clean_0731.jpg,23.1903,high,pass,36.078,-17.0,27.0,0.6888,0.5821,71.13,91.58,38.06
clean/clean_0732.jpg,16.9773,medium,pass,44.314,-12.0,36.0,0.6079,0.4867,103.57,109.25,42.8
clean/clean_0733.jpg,2.4272,low,pass,66.667,-4.0,30.0,0.3726,0.2278,174.52,162.65,108.22
clean/clean_0734.jpg,9.6675,medium,pass,56.078,-10.0,49.0,0.4966,0.3504,142.35,137.87,42.79
clean/clean_0735.jpg,6.8675,medium,pass,50.588,6.0,49.0,0.5426,0.4141,151.47,115.59,30.67
clean/clean_0736.jpg,30.9532,high,pass,28.235,-19.0,25.0,0.7596,0.673,49.74,73.89,26.82
clean/clean_0737.jpg,26.3423,high,pass,34.118,-21.0,32.0,0.7097,0.6048,62.97,88.96,26.19
clean/clean_0738.jpg,17.7103,medium,pass,38.431,-6.0,32.0,0.6557,0.5549,97.9,92.5,37.13
clean/clean_0739.jpg,9.1727,medium,pass,53.725,-15.0,51.0,0.5243,0.3778,129.21,134.88,30.57
clean/clean_0740.jpg,16.7587,medium,pass,41.569,-12.0,38.0,0.6346,0.5186,97.94,102.69,31.62
clean/clean_0741.jpg,18.3823,medium,pass,41.176,-12.0,26.0,0.6314,0.523,92.26,102.55,54.57
clean/clean_0742.jpg,18.052,medium,pass,38.431,-8.0,31.0,0.6574,0.5549,94.22,93.43,38.07
clean/clean_0743.jpg,22.2612,high,pass,38.431,-16.0,28.0,0.6633,0.5548,79.45,97.14,44.54
clean/clean_0744.jpg,10.2108,medium,pass,53.333,-2.0,49.0,0.52,0.3822,146.74,126.57,37.04
clean/clean_0745.jpg,41.6108,high,pass,17.647,-14.0,18.0,0.8435,0.7956,32.37,48.22,16.85
clean/clean_0746.jpg,31.346,high,pass,28.627,-21.0,15.0,0.7623,0.6684,38.84,75.0,43.64
clean/clean_0747.jpg,15.3738,medium,pass,44.706,-15.0,40.0,0.6106,0.4822,100.81,111.11,34.5
clean/clean_0748.jpg,19.3854,medium,pass,42.745,-20.0,32.0,0.6281,0.5049,85.07,109.22,46.46
clean/clean_0749.jpg,14.8554,medium,pass,46.667,-10.0,38.0,0.5828,0.4595,113.63,114.69,44.54
clean/clean_0750.jpg,7.2497,medium,pass,58.431,-9.0,50.0,0.4712,0.3232,151.53,143.35,47.35
clean/clean_0751.jpg,36.6733,high,pass,21.176,-14.0,18.0,0.8147,0.7547,39.83,55.66,23.37
clean/clean_0752.jpg,0.7596,fresh,pass,78.039,-7.0,17.0,0.2517,0.0961,193.96,195.02,160.89
clean/clean_0753.jpg,8.5542,medium,pass,54.902,-6.0,53.0,0.5106,0.3641,146.85,132.21,28.82
clean/clean_0754.jpg,36.9259,high,pass,24.706,-20.0,19.0,0.7923,0.7139,34.4,66.86,29.96
clean/clean_0755.jpg,36.299,high,pass,24.706,-14.0,20.0,0.7828,0.7138,47.09,64.78,28.79
clean/clean_0756.jpg,14.2793,medium,pass,45.49,-10.0,39.0,0.5935,0.4731,112.63,111.85,38.01
clean/clean_0757.jpg,31.3059,high,pass,26.667,-15.0,23.0,0.7701,0.6911,50.95,68.63,27.11
clean/clean_0758.jpg,29.8956,high,pass,30.588,-13.0,19.0,0.7306,0.6457,61.06,77.82,41.84
clean/clean_0759.jpg,29.5988,high,pass,32.941,-14.0,27.0,0.7117,0.6185,69.39,83.38,33.55
clean/clean_0760.jpg,24.6838,high,pass,32.941,-17.0,24.0,0.7142,0.6185,63.68,84.14,38.92
clean/clean_0761.jpg,28.9148,high,pass,31.373,-10.0,18.0,0.7183,0.6366,68.39,78.69,45.48
clean/clean_0762.jpg,3.9597,low,pass,64.314,2.0,48.0,0.4021,0.2551,184.71,152.53,67.61
clean/clean_0763.jpg,19.8506,medium,pass,40.784,-16.0,20.0,0.6385,0.5277,80.43,103.65,63.98
clean/clean_0764.jpg,20.0275,high,pass,40.392,-24.0,36.0,0.6598,0.5322,72.96,104.5,31.58
clean/clean_0765.jpg,15.6769,medium,pass,43.137,-17.0,37.0,0.6251,0.5004,93.35,108.26,36.27
clean/clean_0766.jpg,2.7491,low,pass,64.706,5.0,25.0,0.3854,0.2506,181.1,152.61,113.87
clean/clean_0767.jpg,16.1107,medium,pass,38.431,-8.0,33.0,0.6582,0.5548,94.35,93.56,35.42
clean/clean_0768.jpg,18.2183,medium,pass,38.039,-12.0,32.0,0.6653,0.5594,86.81,94.33,35.26
clean/clean_0769.jpg,15.0529,medium,pass,41.176,-8.0,36.0,0.6347,0.5231,102.48,99.84,34.31
clean/clean_0770.jpg,8.4371,medium,pass,52.941,-4.0,48.0,0.5219,0.3868,143.14,127.58,37.12
clean/clean_0771.jpg,10.8986,medium,pass,47.843,-1.0,42.0,0.5673,0.4459,133.0,112.82,38.06
clean/clean_0772.jpg,7.034,medium,pass,59.216,-16.0,55.0,0.4753,0.3142,143.42,148.17,34.63
clean/clean_0773.jpg,23.2033,high,pass,32.941,-11.0,16.0,0.7054,0.6185,69.44,82.5,52.07
clean/clean_0774.jpg,23.873,high,pass,35.294,-21.0,34.0,0.7,0.5912,66.6,91.67,24.29
clean/clean_0775.jpg,26.2837,high,pass,29.804,-17.0,26.0,0.7436,0.6548,57.36,76.89,27.05
clean/clean_0776.jpg,1.2582,low,pass,74.118,0.0,25.0,0.2875,0.1417,199.58,181.26,136.97
clean/clean_0777.jpg,40.5104,high,pass,18.431,-13.0,17.0,0.838,0.7865,34.22,49.13,19.61
clean/clean_0778.jpg,40.4524,high,pass,21.961,-19.0,16.0,0.8161,0.7456,29.55,59.25,28.81
clean/clean_0779.jpg,24.8037,high,pass,34.118,-21.0,27.0,0.7096,0.6049,60.09,88.86,34.41
clean/clean_0780.jpg,20.1529,high,pass,37.647,-16.0,23.0,0.6685,0.5639,75.79,95.32,51.95
clean/clean_0781.jpg,32.4373,high,pass,24.706,-12.0,15.0,0.7835,0.7138,47.26,63.1,35.43
clean/clean_0782.jpg,6.8156,medium,pass,51.765,3.0,53.0,0.5384,0.4004,151.52,119.34,20.56
clean/clean_0783.jpg,34.1865,high,pass,22.745,-4.0,14.0,0.7901,0.7366,55.31,56.37,34.24
clean/clean_0784.jpg,28.6071,high,pass,33.725,-14.0,29.0,0.7085,0.6094,71.17,84.23,31.63
clean/clean_0785.jpg,29.9544,high,pass,24.706,-9.0,24.0,0.7778,0.7139,57.3,62.98,22.37
clean/clean_0786.jpg,14.2055,medium,pass,47.843,-10.0,42.0,0.5736,0.4459,118.22,117.43,38.98
clean/clean_0787.jpg,29.0131,high,pass,25.882,-14.0,21.0,0.7738,0.7003,51.65,66.56,27.81
clean/clean_0788.jpg,1.8997,low,pass,71.373,-3.0,33.0,0.3209,0.1734,190.27,175.63,115.65
clean/clean_0789.jpg,33.7601,high,pass,28.627,-15.0,22.0,0.7516,0.6684,55.46,73.15,33.47
clean/clean_0790.jpg,1.1248,low,pass,70.98,5.0,15.0,0.315,0.1779,194.79,169.99,146.02
clean/clean_0791.jpg,23.3446,high,pass,36.471,-17.0,27.0,0.6823,0.5776,73.85,92.46,40.78
clean/clean_0792.jpg,39.4903,high,pass,20.392,-12.0,21.0,0.8191,0.7638,42.48,53.7,16.79
clean/clean_0793.jpg,6.9419,medium,pass,54.902,-4.0,51.0,0.5058,0.3641,149.93,131.6,34.68
clean/clean_0794.jpg,38.5068,high,pass,14.902,-2.0,6.0,0.8527,0.8274,37.11,39.1,30.82
clean/clean_0795.jpg,21.3308,high,pass,41.176,-23.0,35.0,0.6505,0.5231,75.78,106.39,35.32
clean/clean_0796.jpg,26.19,high,pass,32.941,-20.0,24.0,0.7189,0.6184,58.27,85.19,37.21
clean/clean_0797.jpg,38.0228,high,pass,20.0,-8.0,19.0,0.8174,0.7683,45.39,52.0,21.55
clean/clean_0798.jpg,2.1231,low,pass,68.235,0.0,23.0,0.3483,0.2097,182.91,165.51,125.84
clean/clean_0799.jpg,23.7911,high,pass,36.078,-19.0,31.0,0.6904,0.5821,70.15,92.44,32.45
clean/clean_0800.jpg,10.8409,medium,pass,54.118,-13.0,48.0,0.5189,0.3732,132.14,134.12,39.05
clean/clean_0801.jpg,26.979,high,pass,31.373,-21.0,25.0,0.7353,0.6366,52.92,81.69,32.77
clean/clean_0802.jpg,0.6053,fresh,pass,80.392,-4.0,12.0,0.2193,0.0687,202.36,201.57,177.6
clean/clean_0803.jpg,16.4011,medium,pass,41.176,-11.0,35.0,0.6329,0.5231,98.94,101.85,37.24
clean/clean_0804.jpg,20.34,high,pass,40.392,-13.0,38.0,0.6476,0.5322,93.45,100.06,28.06
clean/clean_0805.jpg,5.3363,medium,pass,58.431,3.0,54.0,0.4682,0.3232,170.74,136.71,37.94
clean/clean_0806.jpg,19.3944,medium,pass,37.647,-5.0,29.0,0.6614,0.564,95.16,90.68,40.85
clean/clean_0807.jpg,16.4264,medium,pass,40.392,-3.0,30.0,0.6355,0.5321,106.31,95.37,45.53
clean/clean_0808.jpg,24.6831,high,pass,34.51,-18.0,30.0,0.7027,0.6003,67.45,88.82,30.68
clean/clean_0809.jpg,31.582,high,pass,26.667,-13.0,18.0,0.7674,0.6911,52.64,67.55,34.34
clean/clean_0810.jpg,24.844,high,pass,32.549,-11.0,23.0,0.7137,0.623,71.17,80.55,39.03
clean/clean_0811.jpg,35.4792,high,pass,25.098,-7.0,24.0,0.776,0.7093,60.25,62.24,22.55
clean/clean_0812.jpg,30.8648,high,pass,31.373,-15.0,27.0,0.7285,0.6366,63.82,79.65,29.82
clean/clean_0813.jpg,24.8264,high,pass,29.804,-9.0,24.0,0.7366,0.6548,68.47,73.22,32.63
clean/clean_0814.jpg,22.0871,high,pass,34.118,-13.0,32.0,0.7032,0.6048,75.85,85.22,26.15
clean/clean_0815.jpg,22.3106,high,pass,34.51,-13.0,24.0,0.6961,0.6003,74.02,86.16,41.88
clean/clean_0816.jpg,11.3726,medium,pass,46.275,-4.0,42.0,0.584,0.464,123.68,110.89,35.21
clean/clean_0817.jpg,1.1804,low,pass,70.588,7.0,15.0,0.3204,0.1824,195.79,167.3,145.17
clean/clean_0818.jpg,30.0889,high,pass,29.02,-10.0,25.0,0.7448,0.6639,64.75,72.27,28.9
clean/clean_0819.jpg,31.4922,high,pass,27.451,-19.0,19.0,0.7647,0.682,45.44,72.37,34.54
clean/clean_0820.jpg,32.8131,high,pass,25.49,-12.0,20.0,0.7774,0.7048,52.79,64.01,29.88
clean/clean_0821.jpg,41.4532,high,pass,17.647,-7.0,18.0,0.8392,0.7956,41.58,45.41,16.81
clean/clean_0822.jpg,15.9359,medium,pass,44.706,-9.0,36.0,0.6034,0.4822,109.04,108.25,43.65
clean/clean_0823.jpg,24.1283,high,pass,31.765,-10.0,27.0,0.7185,0.6321,73.18,78.85,31.8
clean/clean_0824.jpg,25.0183,high,pass,30.98,-3.0,21.0,0.7205,0.6411,79.6,73.27,39.14
clean/clean_0825.jpg,2.9277,low,pass,64.706,8.0,32.0,0.3871,0.2506,188.62,150.9,99.22
clean/clean_0826.jpg,36.6127,high,pass,17.647,-8.0,14.0,0.8373,0.7956,38.84,46.38,23.31
clean/clean_0827.jpg,8.8049,medium,pass,53.333,3.0,54.0,0.5232,0.3823,156.15,123.05,23.34
clean/clean_0828.jpg,17.8699,medium,pass,43.529,-13.0,37.0,0.6176,0.4958,100.77,107.37,38.15
clean/clean_0829.jpg,6.4921,medium,pass,56.863,0.0,52.0,0.4825,0.3414,161.59,134.95,38.95
clean/clean_0830.jpg,6.0707,medium,pass,60.392,-8.0,57.0,0.458,0.3005,160.77,147.06,33.51
clean/clean_0831.jpg,5.8986,medium,pass,62.745,-14.0,58.0,0.4385,0.2732,156.03,157.09,38.0
clean/clean_0832.jpg,27.6051,high,pass,32.157,-21.0,21.0,0.7286,0.6275,51.93,83.46,41.02
clean/clean_0833.jpg,30.7968,high,pass,23.922,-11.0,22.0,0.7874,0.7229,52.7,61.15,22.39
clean/clean_0834.jpg,41.7702,high,pass,14.118,-12.0,15.0,0.8698,0.8365,27.73,39.88,13.13
clean/clean_0835.jpg,33.3939,high,pass,22.353,-8.0,12.0,0.7978,0.7411,48.15,56.6,34.48
clean/clean_0836.jpg,18.6937,medium,pass,40.784,-16.0,26.0,0.6415,0.5276,84.15,102.76,52.01
clean/clean_0837.jpg,10.8072,medium,pass,53.333,-6.0,51.0,0.525,0.3822,141.36,128.57,29.79
clean/clean_0838.jpg,9.9533,medium,pass,51.765,-10.0,49.0,0.541,0.4004,130.28,126.72,32.57
clean/clean_0839.jpg,29.7593,high,pass,28.627,-14.0,16.0,0.7481,0.6684,54.65,73.26,42.82
clean/clean_0840.jpg,12.6892,medium,pass,48.627,-2.0,40.0,0.5588,0.4368,132.07,115.59,45.44
clean/clean_0841.jpg,36.8516,high,pass,23.137,-9.0,18.0,0.7926,0.732,51.84,58.44,27.07
clean/clean_0842.jpg,34.9712,high,pass,22.745,-16.0,19.0,0.8058,0.7366,37.99,60.29,24.31
clean/clean_0843.jpg,31.6562,high,pass,28.235,-16.0,25.0,0.7553,0.673,53.54,73.99,26.0
clean/clean_0844.jpg,25.5301,high,pass,33.725,-7.0,25.0,0.6993,0.6094,81.41,81.55,39.1
clean/clean_0845.jpg,23.8984,high,pass,38.039,-24.0,40.0,0.6853,0.5594,69.34,98.1,16.86
clean/clean_0846.jpg,35.8472,high,pass,18.431,-5.0,8.0,0.8274,0.7865,43.44,46.35,33.45
clean/clean_0847.jpg,13.4944,medium,pass,49.02,-17.0,41.0,0.5654,0.4322,110.92,123.99,42.76
clean/clean_0848.jpg,45.7247,high,pass,10.588,-2.0,10.0,0.8868,0.8774,32.5,29.87,14.21
clean/clean_0849.jpg,42.9502,high,pass,9.804,2.0,13.0,0.8968,0.8864,35.33,26.23,3.2
clean/clean_0850.jpg,0.168,fresh,pass,83.529,2.0,6.0,0.1822,0.0325,217.92,206.05,196.86
clean/clean_0851.jpg,6.9148,medium,pass,57.647,-4.0,56.0,0.4838,0.3323,157.0,138.67,28.82
clean/clean_0852.jpg,21.7648,high,pass,33.725,-14.0,32.0,0.7086,0.6094,72.96,84.18,26.96
clean/clean_0853.jpg,34.3546,high,pass,27.843,-8.0,12.0,0.7486,0.6775,60.05,69.42,47.29
clean/clean_0854.jpg,6.8084,medium,pass,55.686,-8.0,50.0,0.4991,0.355,145.81,135.79,38.87
clean/clean_0855.jpg,32.1945,high,pass,28.627,-17.0,26.0,0.7568,0.6684,54.54,73.15,24.23
clean/clean_0856.jpg,10.8467,medium,pass,51.373,0.0,46.0,0.5379,0.405,143.17,120.22,39.0
clean/clean_0857.jpg,22.4599,high,pass,36.078,-17.0,27.0,0.6878,0.5822,71.28,91.73,39.14
clean/clean_0858.jpg,20.245,high,pass,40.784,-18.0,33.0,0.6444,0.5276,85.1,103.71,38.18
clean/clean_0859.jpg,8.6255,medium,pass,52.157,-3.0,47.0,0.5268,0.3959,143.2,124.87,39.95
clean/clean_0860.jpg,23.8562,high,pass,36.078,-17.0,27.0,0.6872,0.5822,72.18,91.71,38.19
clean/clean_0861.jpg,11.919,medium,pass,52.549,-16.0,49.0,0.5377,0.3914,123.87,131.39,32.62
clean/clean_0862.jpg,5.8169,medium,pass,56.863,-2.0,55.0,0.4891,0.3414,159.0,135.13,29.9
clean/clean_0863.jpg,0.8955,fresh,pass,74.118,2.0,11.0,0.2844,0.1415,194.83,180.2,161.77
clean/clean_0864.jpg,28.2281,high,pass,29.02,1.0,18.0,0.734,0.6639,78.66,67.72,40.05
clean/clean_0865.jpg,21.3124,high,pass,41.569,-26.0,33.0,0.6494,0.5185,71.1,108.17,40.79
clean/clean_0866.jpg,22.3632,high,pass,39.608,-16.0,27.0,0.6539,0.5412,82.28,99.04,48.29
clean/clean_0867.jpg,6.3669,medium,pass,53.725,-4.0,54.0,0.5192,0.3777,148.0,128.74,24.42
clean/clean_0868.jpg,15.5633,medium,pass,42.745,-13.0,40.0,0.6249,0.5049,99.75,106.35,29.73
clean/clean_0869.jpg,21.7317,high,pass,38.431,-16.0,33.0,0.6668,0.5548,82.22,96.21,34.37
clean/clean_0870.jpg,11.5065,medium,pass,49.02,-13.0,41.0,0.565,0.4323,116.54,121.29,42.84
clean/clean_0871.jpg,40.3662,high,pass,15.686,-9.0,15.0,0.8544,0.8183,33.4,42.78,17.88
clean/clean_0872.jpg,26.7331,high,pass,32.157,-20.0,28.0,0.7266,0.6275,58.34,83.41,28.97
clean/clean_0873.jpg,17.8671,medium,pass,40.784,-15.0,32.0,0.64,0.5276,89.59,102.65,41.74
clean/clean_0874.jpg,23.4786,high,pass,36.078,-19.0,33.0,0.6918,0.5821,70.22,92.51,28.83
clean/clean_0875.jpg,36.9876,high,pass,22.353,-5.0,15.0,0.7935,0.7411,54.53,55.59,32.53
clean/clean_0876.jpg,38.242,high,pass,18.824,-6.0,11.0,0.8234,0.782,44.36,48.19,30.68
clean/clean_0877.jpg,36.0658,high,pass,20.0,-4.0,6.0,0.8148,0.7684,46.24,49.15,39.95
clean/clean_0878.jpg,5.3283,medium,pass,57.255,9.0,54.0,0.481,0.3369,175.46,129.43,34.35
clean/clean_0879.jpg,8.0764,medium,pass,54.118,-5.0,53.0,0.5169,0.3732,145.02,130.39,28.84
clean/clean_0880.jpg,5.0419,medium,pass,55.686,4.0,58.0,0.5008,0.3551,164.41,129.46,18.68
clean/clean_0881.jpg,26.6606,high,pass,31.373,-12.0,21.0,0.7224,0.6366,66.59,78.73,40.91
clean/clean_0882.jpg,34.2137,high,pass,24.706,-8.0,21.0,0.7794,0.7139,58.21,61.11,26.06
clean/clean_0883.jpg,12.697,medium,pass,46.667,-10.0,44.0,0.5848,0.4595,116.44,114.73,32.58
clean/clean_0884.jpg,13.2002,medium,pass,45.882,-1.0,36.0,0.5849,0.4687,125.63,107.3,46.39
clean/clean_0885.jpg,11.8795,medium,pass,47.059,-9.0,41.0,0.5785,0.455,117.41,115.7,39.09
clean/clean_0886.jpg,5.6896,medium,pass,57.647,2.0,54.0,0.4768,0.3323,166.26,135.92,34.39
clean/clean_0887.jpg,43.9903,high,pass,10.588,-10.0,9.0,0.8945,0.8774,17.56,33.42,17.75
clean/clean_0888.jpg,15.8726,medium,pass,43.922,-14.0,37.0,0.6144,0.4913,99.77,109.14,38.99
clean/clean_0889.jpg,32.859,high,pass,25.49,-8.0,24.0,0.7696,0.7048,61.98,63.97,23.36
clean/clean_0890.jpg,44.2234,high,pass,14.902,-11.0,13.0,0.8598,0.8274,27.93,42.85,19.79
clean/clean_0891.jpg,40.6173,high,pass,20.0,-5.0,14.0,0.8145,0.7684,48.98,50.04,28.83
clean/clean_0892.jpg,4.0048,low,pass,61.961,-7.0,49.0,0.4321,0.2824,163.77,151.9,58.67
clean/clean_0893.jpg,16.8586,medium,pass,39.608,-7.0,27.0,0.6437,0.5412,96.12,96.26,49.2
clean/clean_0894.jpg,23.5874,high,pass,38.824,-24.0,33.0,0.6724,0.5503,68.36,100.81,34.36
clean/clean_0895.jpg,36.9149,high,pass,23.529,-13.0,23.0,0.7955,0.7275,48.16,60.3,20.62
clean/clean_0896.jpg,20.409,high,pass,37.647,-25.0,31.0,0.6846,0.564,62.89,98.12,35.36
clean/clean_0897.jpg,6.2242,medium,pass,56.863,6.0,53.0,0.4805,0.3414,170.85,131.27,38.05
clean/clean_0898.jpg,15.6225,medium,pass,41.569,-8.0,30.0,0.624,0.5185,102.63,101.84,47.4
clean/clean_0899.jpg,0.2339,fresh,pass,85.882,-5.0,5.0,0.1634,0.0053,208.77,217.21,205.25
clean/clean_0900.jpg,25.0278,high,pass,35.686,-10.0,25.0,0.6826,0.5867,81.48,88.08,42.86
clean/clean_0901.jpg,30.1574,high,pass,25.882,-9.0,11.0,0.7647,0.7002,54.45,65.67,45.39
clean/clean_0902.jpg,17.8876,medium,pass,43.922,-19.0,40.0,0.6196,0.4913,92.46,111.99,31.68
clean/clean_0903.jpg,33.7241,high,pass,26.275,-22.0,24.0,0.7834,0.6957,37.84,70.3,23.23
clean/clean_0904.jpg,7.6255,medium,pass,53.333,2.0,52.0,0.5175,0.3823,154.39,124.98,30.83
clean/clean_0905.jpg,31.432,high,pass,26.275,-8.0,16.0,0.762,0.6957,59.1,65.7,38.96
clean/clean_0906.jpg,13.9105,medium,pass,47.059,-10.0,39.0,0.5784,0.455,116.38,115.59,42.68
clean/clean_0907.jpg,11.1976,medium,pass,51.373,-3.0,47.0,0.5388,0.405,139.6,122.19,36.35
clean/clean_0908.jpg,10.3146,medium,pass,49.804,-5.0,47.0,0.5554,0.4232,132.98,119.27,31.57
clean/clean_0909.jpg,29.5771,high,pass,24.314,-12.0,25.0,0.7845,0.7184,52.67,62.97,19.6
clean/clean_0910.jpg,21.2047,high,pass,38.039,-21.0,26.0,0.6725,0.5594,68.59,98.28,46.6
clean/clean_0911.jpg,18.5308,medium,pass,41.176,-22.0,33.0,0.6452,0.5232,78.44,106.28,40.75
clean/clean_0912.jpg,27.5183,high,pass,29.412,-12.0,21.0,0.7386,0.6593,61.91,74.97,36.23
clean/clean_0913.jpg,15.4867,medium,pass,43.922,-8.0,33.0,0.6082,0.4913,107.2,106.41,47.35
clean/clean_0914.jpg,18.1163,medium,pass,40.0,-16.0,36.0,0.6533,0.5367,85.08,100.92,32.62
clean/clean_0915.jpg,38.5498,high,pass,16.471,-14.0,13.0,0.8542,0.8092,25.03,46.42,21.51
clean/clean_0916.jpg,6.1927,medium,pass,55.294,-3.0,55.0,0.5047,0.3596,152.45,132.27,27.02
clean/clean_0917.jpg,8.3136,medium,pass,52.941,0.0,54.0,0.5283,0.3869,150.65,124.01,21.53
clean/clean_0918.jpg,38.3647,high,pass,14.118,-1.0,2.0,0.8584,0.8365,36.96,36.18,33.44
clean/clean_0919.jpg,32.6827,high,pass,27.059,-15.0,19.0,0.7656,0.6866,50.07,69.61,34.56
clean/clean_0920.jpg,13.477,medium,pass,45.49,-5.0,37.0,0.593,0.4732,118.17,108.15,43.54
clean/clean_0921.jpg,10.8265,medium,pass,53.725,-4.0,53.0,0.5194,0.3777,146.86,128.53,27.9
clean/clean_0922.jpg,10.9027,medium,pass,50.98,-11.0,46.0,0.5459,0.4095,126.56,125.78,36.24
clean/clean_0923.jpg,33.6411,high,pass,29.412,-24.0,23.0,0.7576,0.6593,39.78,78.7,32.56
clean/clean_0924.jpg,14.5257,medium,pass,48.235,-17.0,33.0,0.5741,0.4413,103.46,121.15,57.47
clean/clean_0925.jpg,8.0968,medium,pass,54.118,1.0,49.0,0.5068,0.3732,154.35,127.7,40.94
clean/clean_0926.jpg,34.0242,high,pass,25.49,-13.0,20.0,0.7742,0.7047,51.76,65.76,30.7
clean/clean_0927.jpg,5.4575,medium,pass,58.824,-6.0,54.0,0.4702,0.3187,157.9,142.34,38.03
clean/clean_0928.jpg,15.9195,medium,pass,46.275,-14.0,40.0,0.5914,0.464,107.21,115.66,37.2
clean/clean_0929.jpg,37.5599,high,pass,18.039,2.0,9.0,0.8237,0.791,52.69,43.59,31.62
clean/clean_0930.jpg,26.4005,high,pass,32.549,-23.0,22.0,0.7276,0.623,49.17,85.32,41.03
clean/clean_0931.jpg,48.7052,high,pass,10.196,6.0,7.0,0.8903,0.8819,38.77,24.12,19.54
clean/clean_0932.jpg,16.8607,medium,pass,39.608,-1.0,35.0,0.6469,0.5413,107.04,92.41,33.34
clean/clean_0933.jpg,17.0036,medium,pass,44.706,-13.0,42.0,0.6113,0.4822,104.49,110.17,28.01
clean/clean_0934.jpg,13.7683,medium,pass,44.314,-8.0,43.0,0.6074,0.4867,113.6,107.27,27.88
clean/clean_0935.jpg,26.2844,high,pass,31.765,-14.0,13.0,0.7213,0.6321,59.13,80.5,53.76
clean/clean_0936.jpg,21.1489,high,pass,35.686,-20.0,19.0,0.6888,0.5867,62.96,92.64,53.9
clean/clean_0937.jpg,26.0775,high,pass,33.725,-18.0,27.0,0.7114,0.6094,63.75,86.05,35.3
clean/clean_0938.jpg,8.046,medium,pass,54.51,-1.0,49.0,0.5046,0.3686,152.52,129.57,40.96
clean/clean_0939.jpg,28.3794,high,pass,30.588,-15.0,19.0,0.7313,0.6457,59.04,78.57,41.67
clean/clean_0940.jpg,31.6765,high,pass,24.314,-7.0,14.0,0.78,0.7184,55.48,60.24,36.27
clean/clean_0941.jpg,21.3508,high,pass,34.902,-15.0,28.0,0.6958,0.5958,73.11,88.03,35.43
clean/clean_0942.jpg,10.9595,medium,pass,50.196,-10.0,43.0,0.5486,0.4186,125.57,123.86,42.63
clean/clean_0943.jpg,40.4882,high,pass,21.176,-10.0,4.0,0.8082,0.7547,37.02,55.64,45.51
clean/clean_0944.jpg,33.5348,high,pass,28.627,-16.0,21.0,0.7505,0.6684,54.45,73.98,34.31
clean/clean_0945.jpg,27.7486,high,pass,32.549,-25.0,25.0,0.7302,0.623,47.31,86.23,35.47
clean/clean_0946.jpg,3.7702,low,pass,63.529,-2.0,45.0,0.409,0.2641,175.5,153.47,71.33
clean/clean_0947.jpg,22.2624,high,pass,42.353,-26.0,31.0,0.6391,0.5094,72.02,110.94,47.26
clean/clean_0948.jpg,27.4466,high,pass,30.98,-15.0,23.0,0.7309,0.6412,61.07,78.75,36.31
clean/clean_0949.jpg,11.1567,medium,pass,45.882,-6.0,42.0,0.589,0.4686,120.03,110.93,33.4
clean/clean_0950.jpg,11.5268,medium,pass,53.725,-14.0,51.0,0.5288,0.3778,129.26,133.09,29.7
clean/clean_0951.jpg,31.4391,high,pass,27.843,-14.0,19.0,0.7558,0.6775,54.53,71.29,36.24
clean/clean_0952.jpg,20.8111,high,pass,35.686,-12.0,26.0,0.6843,0.5867,78.64,88.94,41.87
clean/clean_0953.jpg,8.3166,medium,pass,57.255,-16.0,50.0,0.4921,0.3368,135.71,143.23,42.61
clean/clean_0954.jpg,16.5665,medium,pass,46.275,-16.0,39.0,0.5928,0.464,103.52,116.58,39.05
clean/clean_0955.jpg,4.435,low,pass,63.137,-12.0,52.0,0.4256,0.2687,160.76,157.2,53.82
clean/clean_0956.jpg,20.7393,high,pass,38.039,-18.0,32.0,0.6718,0.5594,77.7,96.3,34.47
clean/clean_0957.jpg,46.8587,high,pass,6.275,8.0,2.0,0.9181,0.9273,32.22,15.73,17.62
clean/clean_0958.jpg,22.4115,high,pass,34.118,-19.0,22.0,0.7037,0.6048,61.74,88.66,44.37
clean/clean_0959.jpg,26.7971,high,pass,30.196,-8.0,26.0,0.7288,0.6503,72.93,74.91,29.7
clean/clean_0960.jpg,18.3995,medium,pass,45.098,-24.0,36.0,0.6132,0.4777,84.94,116.47,42.63
clean/clean_0961.jpg,6.1676,medium,pass,57.647,-9.0,51.0,0.479,0.3324,149.74,141.56,43.72
clean/clean_0962.jpg,17.7058,medium,pass,43.922,-21.0,40.0,0.6207,0.4913,89.59,112.81,32.5
clean/clean_0963.jpg,16.8722,medium,pass,44.314,-16.0,33.0,0.6063,0.4867,97.85,111.84,48.16
clean/clean_0964.jpg,36.6738,high,pass,22.745,-12.0,9.0,0.7969,0.7366,41.49,59.18,40.75
clean/clean_0965.jpg,11.574,medium,pass,49.412,-9.0,40.0,0.5592,0.4278,122.13,120.42,45.66
clean/clean_0966.jpg,33.1018,high,pass,29.412,-16.0,21.0,0.7429,0.6593,56.38,75.92,36.25
clean/clean_0967.jpg,10.0867,medium,pass,52.941,-5.0,50.0,0.5262,0.3868,141.27,127.55,32.47
clean/clean_0968.jpg,27.5609,high,pass,33.333,-22.0,31.0,0.7224,0.6139,58.32,86.15,24.31
clean/clean_0969.jpg,4.9208,low,pass,61.569,-1.0,53.0,0.4371,0.2868,173.47,146.83,48.06
clean/clean_0970.jpg,27.3428,high,pass,32.941,-8.0,23.0,0.7046,0.6184,77.81,80.72,41.05
clean/clean_0971.jpg,10.8119,medium,pass,50.588,3.0,48.0,0.542,0.4141,147.73,117.4,32.47
clean/clean_0972.jpg,2.0039,low,pass,70.196,-5.0,32.0,0.3363,0.187,183.01,172.99,113.93
clean/clean_0973.jpg,8.4386,medium,pass,53.725,4.0,53.0,0.5163,0.3777,158.91,123.95,27.02
clean/clean_0974.jpg,24.0487,high,pass,31.373,-12.0,21.0,0.7233,0.6367,66.56,78.71,39.03
clean/clean_0975.jpg,22.6984,high,pass,35.686,-17.0,28.0,0.6921,0.5867,71.04,90.57,36.13
clean/clean_0976.jpg,2.5468,low,pass,65.098,-3.0,31.0,0.387,0.2461,171.69,158.9,102.61
clean/clean_0977.jpg,25.3359,high,pass,31.373,-11.0,27.0,0.724,0.6366,69.38,78.76,29.84
clean/clean_0978.jpg,16.8405,medium,pass,41.961,-16.0,37.0,0.6317,0.5141,93.5,105.65,34.57
clean/clean_0979.jpg,8.9552,medium,pass,55.294,-10.0,49.0,0.503,0.3596,140.51,136.03,42.8
clean/clean_0980.jpg,11.2085,medium,pass,53.725,-7.0,50.0,0.518,0.3777,141.41,130.47,35.39
clean/clean_0981.jpg,23.7246,high,pass,33.333,-14.0,25.0,0.7083,0.6139,69.29,84.2,37.14
clean/clean_0982.jpg,16.8089,medium,pass,45.098,-19.0,43.0,0.6099,0.4777,96.87,114.55,28.7
clean/clean_0983.jpg,9.972,medium,pass,53.725,-11.0,48.0,0.5186,0.3778,134.69,132.98,38.83
clean/clean_0984.jpg,12.9661,medium,pass,47.843,-15.0,38.0,0.5764,0.4459,109.1,119.4,46.48
clean/clean_0985.jpg,7.8478,medium,pass,53.725,-6.0,50.0,0.5198,0.3778,142.14,129.35,35.2
clean/clean_0986.jpg,11.8482,medium,pass,47.843,-9.0,45.0,0.5741,0.4459,121.97,116.56,32.56
clean/clean_0987.jpg,3.1301,low,pass,69.02,-2.0,40.0,0.3486,0.2006,188.46,168.28,96.29
clean/clean_0988.jpg,2.7421,low,pass,69.02,-3.0,35.0,0.3492,0.2005,184.66,168.17,105.42
clean/clean_0989.jpg,9.4455,medium,pass,53.333,-11.0,51.0,0.527,0.3823,134.04,131.4,29.86
clean/clean_0990.jpg,29.4945,high,pass,28.627,-3.0,28.0,0.743,0.6684,75.77,68.52,23.3
clean/clean_0991.jpg,18.1861,medium,pass,39.608,-16.0,25.0,0.6534,0.5413,81.34,99.02,51.97
clean/clean_0992.jpg,24.8829,high,pass,36.078,-26.0,32.0,0.6998,0.5822,57.37,95.37,29.84
clean/clean_0993.jpg,17.6225,medium,pass,40.0,-14.0,28.0,0.6481,0.5367,87.86,99.07,46.48
clean/clean_0994.jpg,23.1537,high,pass,32.549,-9.0,22.0,0.708,0.623,74.8,80.48,42.65
clean/clean_0995.jpg,9.3474,medium,pass,50.98,-4.0,47.0,0.5442,0.4096,137.67,121.18,34.41
clean/clean_0996.jpg,9.1477,medium,pass,50.98,-4.0,52.0,0.5449,0.4096,138.42,122.86,22.23
clean/clean_0997.jpg,17.3031,medium,pass,44.314,-17.0,37.0,0.6117,0.4867,96.11,111.95,39.96
clean/clean_0998.jpg,41.3707,high,pass,21.961,-19.0,20.0,0.8163,0.7456,31.52,59.37,22.45
clean/clean_0999.jpg,7.1985,medium,pass,58.431,2.0,52.0,0.4659,0.3231,168.1,137.76,44.53
bad/blur_000.jpg,13.7631,medium,blur,43.529,4.0,34.0,0.6033,0.4881,126.56,99.08,45.29
bad/blur_001.jpg,10.0018,medium,blur,52.941,-3.0,45.0,0.5193,0.3715,144.18,126.77,44.28
bad/blur_002.jpg,20.2428,high,blur,38.431,-21.0,31.0,0.6703,0.5449,72.85,98.84,37.44
bad/blur_003.jpg,32.3086,high,blur,25.49,-13.0,22.0,0.7769,0.7033,51.66,65.46,26.4
bad/blur_004.jpg,2.2903,low,blur,70.98,-6.0,33.0,0.3292,0.1711,184.23,175.41,113.96
bad/blur_005.jpg,9.8515,medium,blur,51.373,-8.0,50.0,0.5422,0.3913,133.6,125.01,29.98
bad/blur_006.jpg,16.0751,medium,blur,46.275,-17.0,37.0,0.5923,0.4606,101.29,116.88,44.41
bad/blur_007.jpg,14.8255,medium,blur,46.275,-17.0,39.0,0.594,0.4595,102.12,116.77,39.1
bad/blur_008.jpg,17.1972,medium,blur,40.392,-10.0,36.0,0.6426,0.5252,97.89,99.03,32.68
bad/blur_009.jpg,20.2993,high,blur,41.176,-23.0,33.0,0.6474,0.5147,75.49,106.96,39.88
bad/blur_010.jpg,6.1088,medium,blur,51.373,6.0,48.0,0.534,0.3933,153.67,117.45,34.52
bad/blur_011.jpg,27.2194,high,blur,30.196,-11.0,20.0,0.7328,0.6414,64.57,75.45,39.86
bad/blur_012.jpg,26.7637,high,blur,29.804,-14.0,16.0,0.7374,0.6489,58.49,75.68,44.3
bad/blur_013.jpg,26.9674,high,blur,30.196,-12.0,23.0,0.7342,0.6473,65.22,75.35,35.56
bad/blur_014.jpg,2.715,low,blur,63.137,1.0,26.0,0.4027,0.2538,171.46,151.27,107.52
bad/blur_015.jpg,8.8674,medium,blur,52.157,-8.0,48.0,0.5339,0.3838,135.88,126.36,35.47
bad/blur_016.jpg,21.8783,high,blur,37.647,-24.0,28.0,0.6817,0.5626,62.52,98.17,42.63
bad/blur_017.jpg,26.9809,high,blur,35.294,-16.0,37.0,0.6962,0.5867,76.8,89.61,16.66
bad/blur_018.jpg,2.0721,low,blur,70.196,-6.0,30.0,0.3365,0.1746,181.11,173.3,116.82
bad/blur_019.jpg,13.6529,medium,blur,47.059,-15.0,37.0,0.5835,0.4513,106.61,117.67,46.15
bad/blur_020.jpg,22.9336,high,blur,35.294,-12.0,23.0,0.6857,0.5797,76.86,88.62,45.18
bad/blur_021.jpg,37.3056,high,blur,20.0,-6.0,20.0,0.8191,0.7626,48.86,50.02,18.84
bad/blur_022.jpg,49.248,high,blur,10.196,-7.0,13.0,0.8994,0.8804,26.3,29.21,5.59
bad/blur_023.jpg,31.7154,high,blur,24.314,-11.0,19.0,0.7845,0.712,51.16,62.07,28.16
bad/blur_024.jpg,35.1663,high,blur,21.569,-9.0,18.0,0.804,0.7494,48.81,55.37,25.28
bad/blur_025.jpg,31.5092,high,blur,25.49,6.0,11.0,0.7601,0.7008,75.66,57.05,44.37
bad/blur_026.jpg,14.398,medium,blur,47.451,-7.0,42.0,0.5785,0.4468,121.2,114.17,37.19
bad/blur_027.jpg,7.0765,medium,blur,49.804,-5.0,47.0,0.5546,0.4193,132.94,119.58,31.79
bad/blur_028.jpg,18.6188,medium,blur,40.784,-22.0,29.0,0.6472,0.5195,76.4,105.2,47.03
bad/blur_029.jpg,4.1577,low,blur,58.824,4.0,48.0,0.4572,0.2996,171.16,137.95,54.86
bad/blur_030.jpg,35.2745,high,blur,25.49,-14.0,13.0,0.7786,0.7033,45.32,65.48,39.1
bad/blur_031.jpg,12.1716,medium,blur,46.667,-3.0,41.0,0.5804,0.4444,126.19,110.61,38.1
bad/blur_032.jpg,17.6068,medium,blur,43.137,-13.0,35.0,0.6185,0.4864,99.6,106.94,41.47
bad/blur_033.jpg,12.1181,medium,blur,48.235,0.0,42.0,0.5627,0.434,134.11,113.72,40.94
bad/blur_034.jpg,12.2805,medium,blur,40.784,-5.0,29.0,0.6319,0.516,104.39,97.59,46.97
bad/blur_035.jpg,13.7227,medium,blur,43.922,-6.0,37.0,0.6079,0.4889,112.41,105.33,39.94
bad/blur_036.jpg,26.1688,high,blur,31.373,-12.0,20.0,0.7236,0.6274,66.28,78.05,42.47
bad/blur_037.jpg,40.9948,high,blur,18.039,-10.0,9.0,0.8364,0.7874,34.52,47.29,31.96
bad/blur_038.jpg,17.2264,medium,blur,40.392,-9.0,31.0,0.6414,0.5301,96.98,98.08,42.68
bad/blur_039.jpg,21.2656,high,blur,36.471,-7.0,21.0,0.6721,0.569,86.99,88.13,51.5
bad/blur_040.jpg,42.8311,high,blur,15.686,-8.0,9.0,0.8528,0.8147,31.73,42.67,26.45
bad/blur_041.jpg,4.2399,low,blur,57.647,-6.0,43.0,0.474,0.3292,151.37,139.76,59.84
bad/blur_042.jpg,10.9074,medium,blur,50.588,-7.0,45.0,0.5461,0.4089,132.65,122.04,39.0
bad/blur_043.jpg,30.0118,high,blur,29.804,-20.0,19.0,0.7464,0.646,45.9,78.9,40.68
bad/blur_044.jpg,4.7252,low,blur,52.941,9.0,49.0,0.5184,0.3696,162.26,119.35,37.15
bad/blur_045.jpg,37.8997,high,blur,19.608,-7.0,8.0,0.8196,0.7719,40.64,50.83,35.32
bad/blur_046.jpg,11.1125,medium,blur,54.51,-18.0,55.0,0.5256,0.3667,127.84,137.12,19.71
bad/blur_047.jpg,17.2772,medium,blur,41.569,-14.0,35.0,0.634,0.5171,94.4,103.69,37.21
bad/blur_048.jpg,3.7703,low,blur,60.784,0.0,40.0,0.4368,0.2764,168.49,144.08,75.96
bad/blur_049.jpg,33.3495,high,blur,22.353,-7.0,14.0,0.7948,0.7366,50.44,56.91,33.58
bad/blur_050.jpg,26.1413,high,blur,32.157,-16.0,26.0,0.7229,0.6172,63.56,81.48,33.65
bad/blur_051.jpg,14.8073,medium,blur,42.353,-8.0,35.0,0.6227,0.5054,105.71,102.31,39.96
bad/blur_052.jpg,20.4098,high,blur,37.647,-12.0,24.0,0.6658,0.5592,83.81,93.02,48.86
bad/blur_053.jpg,26.8877,high,blur,30.588,-8.0,21.0,0.7252,0.6426,70.35,75.97,38.92
bad/blur_054.jpg,31.4268,high,blur,27.059,-11.0,28.0,0.7636,0.6851,60.76,68.2,18.23
bad/blur_055.jpg,9.0558,medium,blur,49.804,0.0,47.0,0.5539,0.4213,139.84,116.39,31.75
bad/blur_056.jpg,6.8698,medium,blur,51.373,1.0,52.0,0.5409,0.3961,147.9,119.51,23.63
bad/blur_057.jpg,34.0821,high,blur,22.745,-11.0,20.0,0.8009,0.7313,47.07,58.02,23.13
bad/blur_058.jpg,2.9715,low,blur,63.137,6.0,34.0,0.4013,0.2503,182.31,148.97,93.94
bad/blur_059.jpg,24.6862,high,blur,31.765,-15.0,22.0,0.7216,0.6228,63.77,80.86,39.08
bad/blur_060.jpg,31.8359,high,blur,23.529,-11.0,17.0,0.7912,0.7227,47.89,60.64,29.23
bad/blur_061.jpg,29.0667,high,blur,26.275,-6.0,20.0,0.762,0.6881,63.74,64.91,31.05
bad/blur_062.jpg,22.3295,high,blur,38.431,-15.0,26.0,0.6622,0.5534,80.68,96.33,48.06
bad/blur_063.jpg,27.1927,high,blur,32.941,-18.0,24.0,0.7171,0.6136,61.4,84.05,39.05
bad/blur_064.jpg,30.1636,high,blur,27.843,-23.0,20.0,0.7695,0.6711,37.08,74.69,33.62
bad/blur_065.jpg,5.3863,medium,blur,54.118,6.0,54.0,0.515,0.3571,162.57,123.07,24.77
bad/blur_066.jpg,1.348,low,blur,69.412,3.0,12.0,0.3304,0.1873,184.64,167.77,149.68
bad/blur_067.jpg,41.1909,high,blur,14.118,-8.0,8.0,0.8635,0.8359,29.88,39.15,25.45
bad/blur_068.jpg,34.8408,high,blur,26.667,-19.0,19.0,0.7722,0.6896,42.48,70.79,33.53
bad/blur_069.jpg,19.992,medium,blur,35.686,-9.0,23.0,0.6805,0.5783,83.38,87.19,46.98
bad/blur_070.jpg,32.1479,high,blur,27.843,-9.0,23.0,0.7515,0.6765,64.42,69.16,30.9
bad/blur_071.jpg,39.0896,high,blur,16.078,-8.0,12.0,0.8481,0.8104,35.26,43.56,22.91
bad/blur_072.jpg,28.8305,high,blur,30.196,-14.0,23.0,0.737,0.6466,61.45,76.07,35.44
bad/blur_073.jpg,27.5066,high,blur,30.196,-17.0,30.0,0.7419,0.6472,58.78,77.93,21.91
bad/blur_074.jpg,12.5397,medium,blur,47.843,-15.0,43.0,0.5779,0.4321,111.56,119.8,34.67
bad/blur_075.jpg,1.1163,low,blur,70.588,1.0,13.0,0.3227,0.1756,183.38,171.86,149.21
bad/blur_076.jpg,8.4804,medium,blur,51.373,0.0,47.0,0.5385,0.3986,144.1,120.04,36.26
bad/blur_077.jpg,0.6873,fresh,blur,80.784,-4.0,10.0,0.2173,0.0567,200.44,202.45,182.51
bad/blur_078.jpg,37.6576,high,blur,16.863,-2.0,14.0,0.8389,0.8008,45.03,42.61,22.88
bad/blur_079.jpg,35.1983,high,blur,20.0,-6.0,6.0,0.8166,0.7663,42.61,50.03,40.91
bad/blur_080.jpg,7.6867,medium,blur,54.902,-3.0,53.0,0.5045,0.3619,151.65,131.83,31.72
bad/blur_081.jpg,12.2784,medium,blur,49.804,-14.0,47.0,0.5636,0.4143,119.24,123.05,29.91
bad/blur_082.jpg,19.818,medium,blur,36.078,-10.0,22.0,0.677,0.5767,81.06,89.36,49.75
bad/blur_083.jpg,1.4128,low,blur,70.588,5.0,22.0,0.3214,0.1753,196.61,168.88,132.71
bad/blur_084.jpg,15.8062,medium,blur,39.608,-8.0,32.0,0.6459,0.5353,97.22,96.56,39.93
bad/blur_085.jpg,14.3895,medium,blur,47.451,-9.0,42.0,0.5799,0.4407,118.41,115.09,36.43
bad/blur_086.jpg,17.0607,medium,blur,41.176,-17.0,28.0,0.6391,0.5199,84.14,104.24,49.9
bad/blur_087.jpg,32.247,high,blur,25.49,-12.0,23.0,0.7776,0.7002,53.11,64.97,23.71
bad/blur_088.jpg,7.8833,medium,blur,53.333,-17.0,53.0,0.5339,0.3651,124.44,134.43,23.97
bad/blur_089.jpg,13.4112,medium,blur,48.627,-10.0,45.0,0.568,0.4242,122.29,119.01,32.74
bad/blur_090.jpg,14.4268,medium,blur,46.667,-8.0,44.0,0.5883,0.4446,119.21,112.45,29.27
bad/blur_091.jpg,36.5102,high,blur,27.451,-8.0,16.0,0.7533,0.68,61.43,67.97,40.75
bad/blur_092.jpg,18.0522,medium,blur,38.431,-13.0,31.0,0.6609,0.5435,86.54,95.66,38.9
bad/blur_093.jpg,5.6381,medium,blur,55.686,1.0,57.0,0.5028,0.337,160.61,130.03,21.36
bad/blur_094.jpg,21.0044,high,blur,35.686,-12.0,26.0,0.6841,0.5831,79.42,88.66,41.68
bad/blur_095.jpg,32.4695,high,blur,23.922,-7.0,7.0,0.7812,0.722,51.58,59.95,45.37
bad/blur_096.jpg,5.1011,medium,blur,59.608,-2.0,56.0,0.4597,0.2991,166.78,142.87,35.38
bad/blur_097.jpg,1.1887,low,blur,69.02,1.0,7.0,0.3347,0.1938,175.91,168.91,157.09
bad/blur_098.jpg,40.871,high,blur,21.176,-8.0,16.0,0.8059,0.7539,48.75,54.4,26.14
bad/blur_099.jpg,14.425,medium,blur,43.922,-6.0,37.0,0.6088,0.4879,112.13,105.1,39.9
bad/glare_000.jpg,14.8643,medium,glare,49.804,-12.0,29.0,0.5479,0.4495,116.17,123.78,69.2
bad/glare_001.jpg,9.2691,medium,glare,78.824,-4.0,20.0,0.2407,0.1352,201.78,196.38,158.1
bad/glare_002.jpg,45.9769,high,glare,28.235,-4.0,9.0,0.7416,0.6808,65.42,68.68,52.69
bad/glare_003.jpg,29.4055,high,glare,54.118,-5.0,6.0,0.4974,0.3732,125.05,131.39,119.84
bad/glare_004.jpg,17.3105,medium,glare,74.902,-3.0,11.0,0.2781,0.1376,188.05,185.77,165.03
bad/glare_005.jpg,29.7122,high,glare,63.137,-10.0,12.0,0.4114,0.3101,143.54,157.1,131.17
bad/glare_006.jpg,17.0145,medium,glare,50.196,-14.0,26.0,0.5466,0.4186,111.83,125.58,74.2
bad/glare_007.jpg,5.7826,medium,glare,74.902,-2.0,24.0,0.2793,0.1355,198.34,184.81,140.27
bad/glare_008.jpg,15.1641,medium,glare,44.706,-12.0,37.0,0.6045,0.5214,105.31,110.07,41.77
bad/glare_009.jpg,23.0382,high,glare,69.02,0.0,6.0,0.3381,0.2092,173.01,168.92,157.06
bad/glare_010.jpg,1.2112,low,glare,81.961,1.0,7.0,0.1963,0.1081,212.69,203.65,191.3
bad/glare_011.jpg,13.7437,medium,glare,74.118,-9.0,20.0,0.2923,0.1613,181.36,186.55,146.75
bad/glare_012.jpg,27.2656,high,glare,64.314,-6.0,12.0,0.3944,0.3197,154.17,158.45,134.34
bad/glare_013.jpg,11.9553,medium,glare,67.059,-3.0,32.0,0.3671,0.2475,177.99,163.9,105.04
bad/glare_014.jpg,35.1796,high,glare,40.392,-4.0,3.0,0.6271,0.546,91.45,97.87,90.24
bad/glare_015.jpg,10.1326,medium,glare,70.98,-8.0,28.0,0.3289,0.224,178.7,176.79,122.06
bad/glare_016.jpg,23.1027,high,glare,65.882,-13.0,14.0,0.3826,0.2369,147.36,166.82,135.64
bad/glare_017.jpg,16.263,medium,glare,67.451,-8.0,23.0,0.3671,0.2309,164.11,167.37,123.46
bad/glare_018.jpg,14.1591,medium,glare,82.745,-3.0,9.0,0.1953,0.0755,207.27,207.36,188.64
bad/glare_019.jpg,17.5351,medium,glare,61.569,-10.0,19.0,0.4251,0.2886,144.46,153.8,115.23
bad/glare_020.jpg,26.3227,high,glare,37.255,-11.0,18.0,0.665,0.5762,80.95,92.75,59.53
bad/glare_021.jpg,6.9737,medium,glare,55.686,0.0,54.0,0.4986,0.3913,157.55,131.91,29.21
bad/glare_022.jpg,16.7377,medium,glare,56.078,-14.0,31.0,0.4891,0.3557,129.55,140.44,79.94
bad/glare_023.jpg,21.798,high,glare,63.529,-6.0,13.0,0.403,0.3219,152.46,156.37,130.32
bad/glare_024.jpg,2.9991,low,glare,85.098,-2.0,17.0,0.1672,0.0144,222.13,213.31,181.79
bad/glare_025.jpg,28.208,high,glare,52.549,-5.0,17.0,0.5108,0.4205,128.74,127.95,97.79
bad/glare_026.jpg,0.6225,fresh,glare,84.706,0.0,8.0,0.169,0.0512,218.35,211.34,197.9
bad/glare_027.jpg,6.7701,medium,glare,81.176,-3.0,22.0,0.2125,0.0598,212.42,202.6,161.09
bad/glare_028.jpg,39.5324,high,glare,57.647,-7.0,10.0,0.4653,0.3323,132.32,141.3,121.49
bad/glare_029.jpg,33.655,high,glare,74.51,-4.0,6.0,0.2824,0.1471,181.28,185.99,172.05
bad/glare_030.jpg,13.962,medium,glare,60.392,-9.0,25.0,0.439,0.3366,146.75,149.16,102.0
bad/glare_031.jpg,5.6142,medium,glare,71.373,-2.0,36.0,0.3224,0.2011,193.07,174.92,108.54
bad/glare_032.jpg,25.6638,high,glare,91.373,-1.0,2.0,0.0953,0.0,230.33,231.62,227.06
bad/glare_033.jpg,20.5926,high,glare,53.333,-23.0,33.0,0.5274,0.4574,106.29,137.72,69.14
bad/glare_034.jpg,24.5305,high,glare,65.098,-7.0,13.0,0.3866,0.2524,154.5,161.38,135.79
bad/glare_035.jpg,17.073,medium,glare,55.686,-6.0,19.0,0.4838,0.4025,135.04,135.91,100.67
bad/glare_036.jpg,27.6438,high,glare,51.373,-13.0,16.0,0.5314,0.4167,111.05,128.54,95.02
bad/glare_037.jpg,3.7407,low,glare,85.098,-2.0,19.0,0.1704,0.0285,222.91,212.26,177.98
bad/glare_038.jpg,41.0843,high,glare,54.51,-10.0,11.0,0.4979,0.3687,120.44,135.04,111.93
bad/glare_039.jpg,21.3513,high,glare,59.608,-15.0,16.0,0.4535,0.3096,126.29,150.58,115.77
bad/glare_040.jpg,33.0077,high,glare,41.961,-7.0,16.0,0.6176,0.514,97.54,102.09,73.91
bad/glare_041.jpg,6.9866,medium,glare,73.725,-3.0,26.0,0.2929,0.146,194.8,181.91,134.14
bad/glare_042.jpg,27.902,high,glare,76.863,-3.0,5.0,0.2562,0.1098,189.33,191.38,181.72
bad/glare_043.jpg,27.1466,high,glare,41.176,-20.0,22.0,0.6408,0.5391,75.7,105.89,59.82
bad/glare_044.jpg,20.586,high,glare,62.353,-6.0,10.0,0.4139,0.2777,146.97,153.99,132.74
bad/glare_045.jpg,20.5714,high,glare,49.412,-6.0,21.0,0.5459,0.4277,121.95,119.42,81.07
bad/glare_046.jpg,20.7097,high,glare,55.686,-11.0,18.0,0.4888,0.4102,126.09,138.21,101.05
bad/glare_047.jpg,4.7245,low,glare,76.471,-4.0,30.0,0.2673,0.1369,201.84,189.67,132.89
bad/glare_048.jpg,7.7313,medium,glare,69.804,1.0,29.0,0.3344,0.216,191.5,168.76,117.58
bad/glare_049.jpg,24.703,high,glare,52.549,-11.0,17.0,0.5186,0.4228,118.54,130.05,96.25
bad/glare_050.jpg,10.5907,medium,glare,54.118,0.0,38.0,0.5052,0.3731,149.0,127.01,62.1
bad/glare_051.jpg,16.133,medium,glare,65.49,-7.0,23.0,0.3861,0.2601,161.39,161.65,117.51
bad/glare_052.jpg,20.2757,high,glare,63.529,-14.0,21.0,0.41,0.2641,143.93,160.41,116.29
bad/glare_053.jpg,21.5093,high,glare,61.176,-7.0,11.0,0.4257,0.3205,143.47,151.31,129.16
bad/glare_054.jpg,10.3417,medium,glare,72.549,1.0,18.0,0.3032,0.169,193.04,176.17,145.17
bad/glare_055.jpg,41.0589,high,glare,78.039,0.0,1.0,0.2434,0.124,193.09,193.13,191.46
bad/glare_056.jpg,1.3195,low,glare,76.078,-3.0,19.0,0.2661,0.1189,197.84,188.47,152.2
bad/glare_057.jpg,10.7233,medium,glare,62.745,-5.0,30.0,0.4122,0.2994,162.71,153.08,99.9
bad/glare_058.jpg,26.4006,high,glare,80.392,-5.0,7.0,0.222,0.1457,196.16,201.96,185.86
bad/glare_059.jpg,23.7521,high,glare,65.49,-2.0,8.0,0.3789,0.2863,161.29,159.58,144.57
bad/glare_060.jpg,28.6911,high,glare,66.275,-7.0,9.0,0.3755,0.2324,155.27,164.13,144.49
bad/glare_061.jpg,32.3127,high,glare,74.51,-5.0,5.0,0.2858,0.2123,178.92,185.45,173.31
bad/glare_062.jpg,18.4582,medium,glare,85.49,-3.0,6.0,0.1641,0.0283,212.73,215.15,203.9
bad/glare_063.jpg,37.1782,high,glare,53.333,-5.0,9.0,0.5012,0.4427,125.42,130.91,112.78
bad/glare_064.jpg,8.7272,medium,glare,73.725,-4.0,28.0,0.296,0.1755,192.03,182.78,130.04
bad/glare_065.jpg,14.4965,medium,glare,47.843,-12.0,31.0,0.5691,0.4939,111.37,118.93,59.34
bad/glare_066.jpg,22.2544,high,glare,66.667,-9.0,15.0,0.3739,0.2598,155.34,166.47,135.91
bad/glare_067.jpg,9.4463,medium,glare,70.196,-5.0,31.0,0.3388,0.187,182.02,172.28,114.42
bad/glare_068.jpg,19.0711,medium,glare,42.353,-13.0,28.0,0.6217,0.539,95.9,105.06,53.58
bad/glare_069.jpg,4.8316,low,glare,73.725,-3.0,33.0,0.2972,0.2436,197.52,181.03,121.94
bad/glare_070.jpg,6.3587,medium,glare,66.667,2.0,36.0,0.3704,0.2278,187.09,159.03,98.81
bad/glare_071.jpg,45.7334,high,glare,40.0,-6.0,8.0,0.6356,0.5367,89.02,97.21,81.11
bad/glare_072.jpg,25.9179,high,glare,83.137,-4.0,5.0,0.1905,0.0866,203.43,209.63,197.86
bad/glare_073.jpg,16.0367,medium,glare,57.255,-9.0,23.0,0.4678,0.3912,137.61,141.88,98.98
bad/glare_074.jpg,28.9447,high,glare,40.784,-5.0,17.0,0.6269,0.5276,98.08,98.64,69.38
bad/glare_075.jpg,3.9595,low,glare,58.824,5.0,39.0,0.451,0.3752,170.1,137.49,73.92
bad/glare_076.jpg,9.0223,medium,glare,52.549,5.0,51.0,0.5274,0.3913,155.13,120.18,31.56
bad/glare_077.jpg,5.3458,medium,glare,56.863,-2.0,57.0,0.4903,0.3851,158.89,135.94,23.31
bad/glare_078.jpg,26.3712,high,glare,56.471,-13.0,11.0,0.4813,0.3957,119.71,141.87,115.85
bad/glare_079.jpg,15.782,medium,glare,89.02,-1.0,5.0,0.1208,0.0,226.77,224.68,214.92
bad/glare_080.jpg,28.3525,high,glare,53.333,-6.0,11.0,0.5035,0.3823,125.19,130.67,109.33
bad/glare_081.jpg,37.3589,high,glare,42.745,-3.0,14.0,0.6078,0.5298,105.91,101.36,77.63
bad/glare_082.jpg,6.9263,medium,glare,69.02,-5.0,48.0,0.3557,0.2005,187.02,169.29,78.89
bad/glare_083.jpg,40.2774,high,glare,49.412,-3.0,7.0,0.5409,0.4277,118.77,118.38,105.86
bad/glare_084.jpg,42.6075,high,glare,23.529,-13.0,9.0,0.7893,0.7275,41.91,61.88,42.68
bad/glare_085.jpg,41.7223,high,glare,57.255,-9.0,11.0,0.4692,0.3395,129.02,141.77,118.95
bad/glare_086.jpg,24.2389,high,glare,53.333,-12.0,22.0,0.5139,0.3944,121.51,132.19,88.05
bad/glare_087.jpg,27.3586,high,glare,39.216,-9.0,14.0,0.6433,0.5704,87.87,96.43,70.8
bad/glare_088.jpg,3.9503,low,glare,75.294,-6.0,26.0,0.2793,0.1279,193.04,187.99,137.69
bad/glare_089.jpg,8.0908,medium,glare,78.824,-5.0,28.0,0.243,0.0872,204.91,196.53,143.93
bad/glare_090.jpg,39.6032,high,glare,23.137,-11.0,13.0,0.7939,0.7344,46.11,59.42,34.18
bad/glare_091.jpg,11.159,medium,glare,64.706,-4.0,29.0,0.3914,0.3316,169.14,157.97,104.29
bad/glare_092.jpg,18.7559,medium,glare,59.216,-8.0,20.0,0.4505,0.3274,142.35,145.27,107.71
bad/glare_093.jpg,22.8007,high,glare,82.745,-5.0,7.0,0.1938,0.1405,201.96,209.55,194.52
bad/glare_094.jpg,22.7191,high,glare,54.118,-13.0,16.0,0.5046,0.4201,116.88,135.71,102.69
bad/glare_095.jpg,22.2085,high,glare,67.843,-4.0,13.0,0.3569,0.2736,168.19,166.28,141.16
bad/glare_096.jpg,21.4465,high,glare,70.98,-11.0,16.0,0.3303,0.2216,165.92,178.56,143.47
bad/glare_097.jpg,15.4069,medium,glare,79.608,-5.0,12.0,0.2315,0.0779,197.19,199.32,175.52
bad/glare_098.jpg,26.6168,high,glare,55.294,-9.0,11.0,0.4885,0.3725,124.08,136.86,113.89
bad/glare_099.jpg,23.048,high,glare,47.843,-10.0,18.0,0.5657,0.4468,108.33,117.35,83.05
